                               MODFLOW 6 EXTENDED
                U.S. GEOLOGICAL SURVEY MODULAR HYDROLOGIC MODEL
                          GROUNDWATER FLOW MODEL (GWF)
                     VERSION 6.8.0+8680167.dirty 09/02/2026

   MODFLOW 6 compiled Sep 02 2026 20:02:10 with Intel(R) Fortran Intel(R) 64
  Compiler Classic for applications running on Intel(R) 64, Version 2021.12.0
                             Build 20240222_000000

This software has been approved for release by the U.S. Geological 
Survey (USGS). Although the software has been subjected to rigorous 
review, the USGS reserves the right to update the software as needed 
pursuant to further analysis and review. No warranty, expressed or 
implied, is made by the USGS or the U.S. Government as to the 
functionality of the software and related material nor shall the 
fact of release constitute any such warranty. Furthermore, the 
software is released on condition that neither the USGS nor the U.S. 
Government shall be held liable for any damages resulting from its 
authorized or unauthorized use. Also refer to the USGS Water 
Resources Software User Rights Notice for complete use, copyright, 
and distribution information.


As a work of the United States Government, this USGS product is 
in the public domain within the United States. You can copy, 
modify, distribute, and perform the work, even for commercial 
purposes, all without asking permission. Additionally, USGS 
waives copyright and related rights in the work worldwide 
through CC0 1.0 Universal Public Domain Dedication 
(https://creativecommons.org/publicdomain/zero/1.0/).

The following GNU Lesser General Public License (LGPL) libraries
are used in this USGS product:

    SPARSKIT version 2.0
      ilut, luson, and qsplit 
      (https://www-users.cse.umn.edu/~saad/software/SPARSKIT/)

    RCM - Reverse Cuthill McKee Ordering
      (https://people.math.sc.edu/Burkardt/f_src/rcm/rcm.html)

    BLAS - Basic Linear Algebra Subprograms Level 1
      (https://people.math.sc.edu/Burkardt/f_src/blas1_d/blas1_d.html)

    SPARSEKIT - Sparse Matrix Utility Package
      amux, dperm, dvperm, rperm, and cperm
      (https://people.sc.fsu.edu/~jburkardt/f77_src/sparsekit/sparsekit.html)

The following BSD-3 License libraries are used in this USGS product:

    Modern Fortran DAG Library
      Copyright (c) 2018, Jacob Williams
      All rights reserved.
      (https://github.com/jacobwilliams/daglib)

The following library is used in this USGS product:

    NetCDF, network Common Data Form software library
      Copyright (c) 1993-2014 University Corporation for Atmospheric
      Research/Unidata. Redistribution and use in source and binary
      forms, with or without modification, are permitted provided that
      the conditions in the NetCDF copyright are met
        (https://www.unidata.ucar.edu/software/netcdf/copyright.html)

The following 2-clause BSD License library is used in this
USGS product:

    PETSc, the Portable, Extensible Toolkit for Scientific
    Computation Library
      Copyright (c) 1991-2021, UChicago Argonne, LLC
      and the PETSc Development Team All rights reserved.
      (https://petsc.org/release/)

MODFLOW 6 compiler options: /Isrc\libmf6_external.a.p /Isrc\libmf6core.a.p
/Isrc /I..\src /I..\..\netcdf\netCDF4.9.3-NC4-64\include
/I..\..\netcdf\netcdf-fortran-4.6.2\build\fortran /I..\..\petsc\include
/I..\..\petsc\arch-mswin-c-opt\include /I. "/IC:\Program Files
(x86)\Intel\oneAPI\mpi\latest\env\\..\include" "/IC:\Program Files
(x86)\Intel\oneAPI\mpi\latest\env\\..\include\mpi"
/ID:/a/modflow6/modflow6/modflow6/.pixi/envs/default/Library/include /MT
/nologo /warn:general /warn:truncated_source /stand:f18 /O3 /fpe:0
/heap-arrays:0 /traceback /fpp /Qdiag-disable:7416 /Qdiag-disable:7025
/Qdiag-disable:5268 /Qdiag-disable:10448 /D__WITH_PETSC__ /D__WITH_MPI__
/D__WITH_NETCDF__ /DDLL_NETCDF
/Fdsrc\libmf6core.a.p\Utilities_compilerversion.F90.pdb
/module:src\libmf6core.a.p
/Fosrc/libmf6core.a.p/Utilities_compilerversion.F90.obj /c

System command used to initiate simulation:
D:\teaching\cwemf-2026\CWEMF_advanced_modflow\.pixi\envs\default\Scripts\mf6.exe

MODFLOW was compiled using uniform precision.

Real Variables
  KIND: 8
  TINY (smallest non-zero value):    2.225074-308
  HUGE (largest value):    1.797693+308
  PRECISION: 15
  SIZE IN BITS: 64

Integer Variables
  KIND: 4
  HUGE (largest value): 2147483647
  SIZE IN BITS: 32

Long Integer Variables
  KIND: 8
  HUGE (largest value): 9223372036854775807
  SIZE IN BITS: 64

Logical Variables
  KIND: 4
  SIZE IN BITS: 32
 
 NAMEFILE OPTIONS:
    FLOWS WILL BE SAVED TO BUDGET FILE SPECIFIED IN OUTPUT CONTROL
 END NAMEFILE OPTIONS:

 DIS -- STRUCTURED GRID DISCRETIZATION PACKAGE, VERSION 2 : 3/27/2014 - INPUT READ FROM MEMPATH: __INPUT__/LV_SIMPLE/DIS                           


 NPF -- NODE PROPERTY FLOW PACKAGE, VERSION 1, 3/30/2015 INPUT READ FROM MEMPATH: __INPUT__/LV_SIMPLE/NPF                           


 IC -- Initial Conditions Package, Version 8, 3/28/2015 input read from mempath: __INPUT__/LV_SIMPLE/IC                            


 Setting Discretization Options
    Model length unit [0=UND, 1=FEET, 2=METERS, 3=CENTIMETERS] set as 2
    XORIGIN = 500528.1150000000
    YORIGIN = 3805502.630000000
 End Setting Discretization Options

 Setting Discretization Dimensions
    NLAY = 3
    NROW = 34
    NCOL = 32
 End Setting Discretization Dimensions

 Setting Discretization Griddata
    DELR set from input file
    DELC set from input file
    TOP set from input file
    BOTM set from input file
    IDOMAIN set from input file
 End Setting Discretization Griddata


 The specified IDOMAIN results in a reduced number of cells.
 Number of user nodes: 3264
 Number of nodes in solution: 2013


 Setting NPF Options
    Specific discharge will be calculated at cell centers and written to DATA-SPDIS in budget file when requested.
 End Setting NPF Options

 Setting NPF Griddata
    ICELLTYPE set from input file
    K set from input file
    K33 set from input file
    K22 not provided.  Setting K22 = K.
 End Setting NPF Griddata


 WEL -- WEL PACKAGE, VERSION 8, 2/22/2014 INPUT READ FROM MEMPATH: __INPUT__/LV_SIMPLE/AG_PUMP                       

 PROCESSING WEL BASE OPTIONS
 END OF WEL BASE OPTIONS

 PROCESSING WEL OPTIONS
 END OF WEL OPTIONS

 PROCESSING WEL BASE DIMENSIONS
    MAXBOUND =      25
 END OF WEL BASE DIMENSIONS

 GHB -- GHB PACKAGE, VERSION 8, 2/22/2014 INPUT READ FROM MEMPATH: __INPUT__/LV_SIMPLE/GHB_FAULTS                    

 PROCESSING GHB BASE OPTIONS
 END OF GHB BASE OPTIONS

 PROCESSING GHB OPTIONS
 END OF GHB OPTIONS

 PROCESSING GHB BASE DIMENSIONS
    MAXBOUND =     104
 END OF GHB BASE DIMENSIONS

 RCH -- RCH PACKAGE, VERSION 8, 2/22/2014 INPUT READ FROM MEMPATH: __INPUT__/LV_SIMPLE/SB_RCH                        

 PROCESSING RCH BASE OPTIONS
 END OF RCH BASE OPTIONS

 PROCESSING RCH OPTIONS
 END OF RCH OPTIONS

 PROCESSING RCH BASE DIMENSIONS
    MAXBOUND =      13
 END OF RCH BASE DIMENSIONS

 EVT -- EVT PACKAGE, VERSION 8, 2/22/2014 INPUT READ FROM MEMPATH: __INPUT__/LV_SIMPLE/LAKE_EVT                      

 PROCESSING EVT BASE OPTIONS
 END OF EVT BASE OPTIONS

 PROCESSING EVT OPTIONS
 END OF EVT OPTIONS

 PROCESSING EVT BASE DIMENSIONS
    MAXBOUND =      73
 END OF EVT BASE DIMENSIONS

 PROCESSING EVT DIMENSIONS
 END OF EVT DIMENSIONS
    STRT set from input file

 HFB -- HYDRAULIC FLOW BARRIER PACKAGE, VERSION 8, 4/24/2015 INPUT READ FROM MEMPATH: __INPUT__/LV_SIMPLE/HFB                           

 PROCESSING HFB OPTIONS
 END OF HFB OPTIONS

 PROCESSING HFB DIMENSIONS
    MAXHFB =      57
 END OF HFB DIMENSIONS

 STO -- STORAGE PACKAGE, VERSION 1, 5/19/2014 INPUT READ FROM MEMPATH: __INPUT__/LV_SIMPLE/STO                           


 PROCESSING STORAGE OPTIONS
 END OF STORAGE OPTIONS

The observation utility is active for "LV_SIMPLE"
 # File generated by Flopy version 3.11.0.dev0 on 06/26/2026 at 12:03:38.

Processing observation options:


    BINARY GRID INFORMATION WILL BE WRITTEN TO:
      UNIT NUMBER: 1022
      FILE NAME: lv_simple.dis.grb

 OPENED lv_simple.dis.grb
 FILE TYPE:DATA(BINARY)   UNIT 1022   STATUS:REPLACE             
 FORMAT:UNFORMATTED            ACCESS:STREAM              
 ACTION:READWRITE           

      THE LAST TIME STEP WILL BE PRINTED
      THE LAST TIME STEP WILL BE PRINTED

 PROCESSING OC OPTIONS


 OPENED lucerne_simple.csv
 FILE TYPE:CSV   UNIT 1023   STATUS:REPLACE             
 FORMAT:FORMATTED              ACCESS:SEQUENTIAL          
 ACTION:READWRITE           

    BUDGET INFORMATION WILL BE WRITTEN TO:
      UNIT NUMBER: 1024
      FILE NAME: lucerne_simple.cbc

 OPENED lucerne_simple.cbc
 FILE TYPE:DATA(BINARY)   UNIT 1024   STATUS:REPLACE             
 FORMAT:UNFORMATTED            ACCESS:STREAM              
 ACTION:READWRITE           

    HEAD INFORMATION WILL BE WRITTEN TO:
      UNIT NUMBER: 1025
      FILE NAME: lucerne_simple.hds

 OPENED lucerne_simple.hds
 FILE TYPE:DATA(BINARY)   UNIT 1025   STATUS:REPLACE             
 FORMAT:UNFORMATTED            ACCESS:STREAM              
 ACTION:READWRITE           

 END OF OC OPTIONS

start timestep kper="1" kstp="1" mode="normal"



 READING HFB DATA
   57 HFBs READ FOR STRESS PERIOD 1
 END READING HFB DATA

 BEGIN READING OUTPUT CONTROL FOR STRESS PERIOD 1
      THE LAST TIME STEP WILL BE SAVED
      THE LAST TIME STEP WILL BE SAVED
      ALL TIME STEPS WILL BE PRINTED

 END READING OUTPUT CONTROL FOR STRESS PERIOD 1


 PROCESSING STORAGE PERIOD DATA
 END PROCESSING STORAGE PERIOD DATA


 STRESS PERIOD 1 IS STEADY-STATE


 CELL CONVERSIONS FOR ITER.=2  STEP=1  PERIOD=1   (NODE or LRC)
     DRY           (1,30,23) DRY           (1,30,24) DRY           (1,30,25) DRY           (1,30,26) DRY           (1,30,27)
     DRY           (1,30,28) DRY           (1,30,29) DRY           (1,30,30) DRY           (1,30,31) DRY           (1,30,32)
     DRY           (1,31,21) DRY           (1,31,22) DRY           (1,31,23) DRY           (1,31,24) DRY           (1,31,25)
     DRY           (1,31,26) DRY           (1,31,27) DRY           (1,31,28) DRY           (1,31,29) DRY           (1,31,30)
     DRY           (1,31,31) DRY           (1,31,32) DRY           (1,32,20) DRY           (1,32,21) DRY           (1,32,22)
     DRY           (1,32,23) DRY           (1,32,24) DRY           (1,32,25) DRY           (1,32,26) DRY           (1,32,27)
     DRY           (1,32,28) DRY           (1,32,29) DRY           (1,32,30) DRY           (1,32,31) DRY           (1,32,32)
     DRY           (1,33,21) DRY           (1,33,22) DRY           (1,33,23) DRY           (1,33,24) DRY           (1,33,25)
     DRY           (1,33,26) DRY           (1,33,27) DRY           (1,33,28) DRY           (1,33,29) DRY           (1,33,30)
     DRY           (1,33,31) DRY           (1,33,32) DRY           (1,34,23) DRY           (1,34,24) DRY           (1,34,25)
     DRY           (1,34,26) DRY           (1,34,27) DRY           (1,34,28) DRY           (1,34,29) DRY           (1,34,30)
     DRY           (2,31,25) DRY           (2,31,26) DRY           (2,31,27) DRY           (2,31,28) DRY           (2,31,29)
     DRY           (2,31,30) DRY           (2,31,31) DRY           (2,32,22) DRY           (2,32,23) DRY           (2,32,24)
     DRY           (2,32,25) DRY           (2,32,26) DRY           (2,32,27) DRY           (2,32,28) DRY           (2,32,29)
     DRY           (2,32,30) DRY           (2,32,31) DRY           (2,32,32) DRY           (2,33,21) DRY           (2,33,22)
     DRY           (2,33,23) DRY           (2,33,24) DRY           (2,33,25) DRY           (2,33,26) DRY           (2,33,27)
     DRY           (2,33,28) DRY           (2,33,29) DRY           (2,33,30) DRY           (2,33,31) DRY           (2,33,32)
     DRY           (2,34,23) DRY           (2,34,24) DRY           (2,34,25) DRY           (2,34,26) DRY           (2,34,27)
     DRY           (2,34,28) DRY           (2,34,29) DRY           (2,34,30)


  VOLUME BUDGET FOR ENTIRE MODEL AT END OF TIME STEP    1, STRESS PERIOD   1
  ---------------------------------------------------------------------------------------------------

     CUMULATIVE VOLUME      L**3       RATES FOR THIS TIME STEP      L**3/T          PACKAGE NAME    
     ------------------                 ------------------------                     ----------------

           IN:                                      IN:
           ---                                      ---
              STO-SS =           0.0000                STO-SS =           0.0000     STORAGE                          
              STO-SY =           0.0000                STO-SY =           0.0000     STORAGE                          
                 WEL =           0.0000                   WEL =           0.0000     AG_PUMP                          
                 GHB =           0.0000                   GHB =           0.0000     GHB_FAULTS                       
                 RCH =      209691.6001                   RCH =        2296.4172     SB_RCH                           
                 EVT =           0.0000                   EVT =           0.0000     LAKE_EVT                         

            TOTAL IN =      209691.6001              TOTAL IN =        2296.4172

          OUT:                                     OUT:
          ----                                     ----
              STO-SS =           0.0000                STO-SS =           0.0000     STORAGE                          
              STO-SY =           0.0000                STO-SY =           0.0000     STORAGE                          
                 WEL =           0.0000                   WEL =           0.0000     AG_PUMP                          
                 GHB =        9582.4742                   GHB =         104.9415     GHB_FAULTS                       
                 RCH =           0.0000                   RCH =           0.0000     SB_RCH                           
                 EVT =      200117.0800                   EVT =        2191.5628     LAKE_EVT                         

           TOTAL OUT =      209699.5542             TOTAL OUT =        2296.5044

            IN - OUT =          -7.9541              IN - OUT =      -8.7108E-02

 PERCENT DISCREPANCY =          -0.00     PERCENT DISCREPANCY =          -0.00




         TIME SUMMARY AT END OF TIME STEP    1 IN STRESS PERIOD    1
                    SECONDS     MINUTES      HOURS       DAYS        YEARS
                    -----------------------------------------------------------
   TIME STEP LENGTH 7.88940E+06 1.31490E+05  2191.5      91.312     0.25000    
 STRESS PERIOD TIME 7.88940E+06 1.31490E+05  2191.5      91.312     0.25000    
         TOTAL TIME 7.88940E+06 1.31490E+05  2191.5      91.312     0.25000    


end timestep


start timestep kper="1" kstp="2" mode="normal"



  VOLUME BUDGET FOR ENTIRE MODEL AT END OF TIME STEP    2, STRESS PERIOD   1
  ---------------------------------------------------------------------------------------------------

     CUMULATIVE VOLUME      L**3       RATES FOR THIS TIME STEP      L**3/T          PACKAGE NAME    
     ------------------                 ------------------------                     ----------------

           IN:                                      IN:
           ---                                      ---
              STO-SS =           0.0000                STO-SS =           0.0000     STORAGE                          
              STO-SY =           0.0000                STO-SY =           0.0000     STORAGE                          
                 WEL =           0.0000                   WEL =           0.0000     AG_PUMP                          
                 GHB =           0.0000                   GHB =           0.0000     GHB_FAULTS                       
                 RCH =      419383.2002                   RCH =        2296.4172     SB_RCH                           
                 EVT =           0.0000                   EVT =           0.0000     LAKE_EVT                         

            TOTAL IN =      419383.2002              TOTAL IN =        2296.4172

          OUT:                                     OUT:
          ----                                     ----
              STO-SS =           0.0000                STO-SS =           0.0000     STORAGE                          
              STO-SY =           0.0000                STO-SY =           0.0000     STORAGE                          
                 WEL =           0.0000                   WEL =           0.0000     AG_PUMP                          
                 GHB =       19165.1104                   GHB =         104.9433     GHB_FAULTS                       
                 RCH =           0.0000                   RCH =           0.0000     SB_RCH                           
                 EVT =      400234.1601                   EVT =        2191.5628     LAKE_EVT                         

           TOTAL OUT =      419399.2704             TOTAL OUT =        2296.5061

            IN - OUT =         -16.0702              IN - OUT =      -8.8883E-02

 PERCENT DISCREPANCY =          -0.00     PERCENT DISCREPANCY =          -0.00




         TIME SUMMARY AT END OF TIME STEP    2 IN STRESS PERIOD    1
                    SECONDS     MINUTES      HOURS       DAYS        YEARS
                    -----------------------------------------------------------
   TIME STEP LENGTH 7.88940E+06 1.31490E+05  2191.5      91.312     0.25000    
 STRESS PERIOD TIME 1.57788E+07 2.62980E+05  4383.0      182.62     0.50000    
         TOTAL TIME 1.57788E+07 2.62980E+05  4383.0      182.62     0.50000    


end timestep


start timestep kper="1" kstp="3" mode="normal"



  VOLUME BUDGET FOR ENTIRE MODEL AT END OF TIME STEP    3, STRESS PERIOD   1
  ---------------------------------------------------------------------------------------------------

     CUMULATIVE VOLUME      L**3       RATES FOR THIS TIME STEP      L**3/T          PACKAGE NAME    
     ------------------                 ------------------------                     ----------------

           IN:                                      IN:
           ---                                      ---
              STO-SS =           0.0000                STO-SS =           0.0000     STORAGE                          
              STO-SY =           0.0000                STO-SY =           0.0000     STORAGE                          
                 WEL =           0.0000                   WEL =           0.0000     AG_PUMP                          
                 GHB =           0.0000                   GHB =           0.0000     GHB_FAULTS                       
                 RCH =      629074.8004                   RCH =        2296.4172     SB_RCH                           
                 EVT =           0.0000                   EVT =           0.0000     LAKE_EVT                         

            TOTAL IN =      629074.8004              TOTAL IN =        2296.4172

          OUT:                                     OUT:
          ----                                     ----
              STO-SS =           0.0000                STO-SS =           0.0000     STORAGE                          
              STO-SY =           0.0000                STO-SY =           0.0000     STORAGE                          
                 WEL =           0.0000                   WEL =           0.0000     AG_PUMP                          
                 GHB =       28748.0231                   GHB =         104.9463     GHB_FAULTS                       
                 RCH =           0.0000                   RCH =           0.0000     SB_RCH                           
                 EVT =      600351.2401                   EVT =        2191.5628     LAKE_EVT                         

           TOTAL OUT =      629099.2632             TOTAL OUT =        2296.5092

            IN - OUT =         -24.4628              IN - OUT =      -9.1911E-02

 PERCENT DISCREPANCY =          -0.00     PERCENT DISCREPANCY =          -0.00




         TIME SUMMARY AT END OF TIME STEP    3 IN STRESS PERIOD    1
                    SECONDS     MINUTES      HOURS       DAYS        YEARS
                    -----------------------------------------------------------
   TIME STEP LENGTH 7.88940E+06 1.31490E+05  2191.5      91.312     0.25000    
 STRESS PERIOD TIME 2.36682E+07 3.94470E+05  6574.5      273.94     0.75000    
         TOTAL TIME 2.36682E+07 3.94470E+05  6574.5      273.94     0.75000    


end timestep


start timestep kper="1" kstp="4" mode="normal"

 UBDSV1 SAVING           STO-SS ON UNIT   1024 AT TIME STEP      4, STRESS PERIOD      1
 UBDSV1 SAVING           STO-SY ON UNIT   1024 AT TIME STEP      4, STRESS PERIOD      1
 UBDSV1 SAVING     FLOW-JA-FACE ON UNIT   1024 AT TIME STEP      4, STRESS PERIOD      1
 UBDSV06 SAVING       DATA-SPDIS IN MODEL LV_SIMPLE        PACKAGE NPF             CONNECTED TO MODEL LV_SIMPLE        PACKAGE NPF              ON UNIT   1024 AT TIME STEP      4, STRESS PERIOD      1
 UBDSV06 SAVING              WEL IN MODEL LV_SIMPLE        PACKAGE LV_SIMPLE       CONNECTED TO MODEL LV_SIMPLE        PACKAGE AG_PUMP          ON UNIT   1024 AT TIME STEP      4, STRESS PERIOD      1
 UBDSV06 SAVING              GHB IN MODEL LV_SIMPLE        PACKAGE LV_SIMPLE       CONNECTED TO MODEL LV_SIMPLE        PACKAGE GHB_FAULTS       ON UNIT   1024 AT TIME STEP      4, STRESS PERIOD      1
 UBDSV06 SAVING              RCH IN MODEL LV_SIMPLE        PACKAGE LV_SIMPLE       CONNECTED TO MODEL LV_SIMPLE        PACKAGE SB_RCH           ON UNIT   1024 AT TIME STEP      4, STRESS PERIOD      1
 UBDSV06 SAVING              EVT IN MODEL LV_SIMPLE        PACKAGE LV_SIMPLE       CONNECTED TO MODEL LV_SIMPLE        PACKAGE LAKE_EVT         ON UNIT   1024 AT TIME STEP      4, STRESS PERIOD      1

 HEAD WILL BE SAVED ON UNIT 1025 AT END OF TIME STEP    4, STRESS PERIOD    1


  VOLUME BUDGET FOR ENTIRE MODEL AT END OF TIME STEP    4, STRESS PERIOD   1
  ---------------------------------------------------------------------------------------------------

     CUMULATIVE VOLUME      L**3       RATES FOR THIS TIME STEP      L**3/T          PACKAGE NAME    
     ------------------                 ------------------------                     ----------------

           IN:                                      IN:
           ---                                      ---
              STO-SS =           0.0000                STO-SS =           0.0000     STORAGE                          
              STO-SY =           0.0000                STO-SY =           0.0000     STORAGE                          
                 WEL =           0.0000                   WEL =           0.0000     AG_PUMP                          
                 GHB =           0.0000                   GHB =           0.0000     GHB_FAULTS                       
                 RCH =      838766.4005                   RCH =        2296.4172     SB_RCH                           
                 EVT =           0.0000                   EVT =           0.0000     LAKE_EVT                         

            TOTAL IN =      838766.4005              TOTAL IN =        2296.4172

          OUT:                                     OUT:
          ----                                     ----
              STO-SS =           0.0000                STO-SS =           0.0000     STORAGE                          
              STO-SY =           0.0000                STO-SY =           0.0000     STORAGE                          
                 WEL =           0.0000                   WEL =           0.0000     AG_PUMP                          
                 GHB =       38331.0391                   GHB =         104.9475     GHB_FAULTS                       
                 RCH =           0.0000                   RCH =           0.0000     SB_RCH                           
                 EVT =      800468.3202                   EVT =        2191.5628     LAKE_EVT                         

           TOTAL OUT =      838799.3593             TOTAL OUT =        2296.5103

            IN - OUT =         -32.9588              IN - OUT =      -9.3043E-02

 PERCENT DISCREPANCY =          -0.00     PERCENT DISCREPANCY =          -0.00




         TIME SUMMARY AT END OF TIME STEP    4 IN STRESS PERIOD    1
                    SECONDS     MINUTES      HOURS       DAYS        YEARS
                    -----------------------------------------------------------
   TIME STEP LENGTH 7.88940E+06 1.31490E+05  2191.5      91.312     0.25000    
 STRESS PERIOD TIME 3.15576E+07 5.25960E+05  8766.0      365.25      1.0000    
         TOTAL TIME 3.15576E+07 5.25960E+05  8766.0      365.25      1.0000    


end timestep


start timestep kper="2" kstp="1" mode="normal"


 REUSING HFBS FROM LAST STRESS PERIOD

 BEGIN READING OUTPUT CONTROL FOR STRESS PERIOD 2
      THE LAST TIME STEP WILL BE SAVED
      THE LAST TIME STEP WILL BE SAVED
      ALL TIME STEPS WILL BE PRINTED

 END READING OUTPUT CONTROL FOR STRESS PERIOD 2


 PROCESSING STORAGE PERIOD DATA
 END PROCESSING STORAGE PERIOD DATA


 STRESS PERIOD 2 IS TRANSIENT



  VOLUME BUDGET FOR ENTIRE MODEL AT END OF TIME STEP    1, STRESS PERIOD   2
  ---------------------------------------------------------------------------------------------------

     CUMULATIVE VOLUME      L**3       RATES FOR THIS TIME STEP      L**3/T          PACKAGE NAME    
     ------------------                 ------------------------                     ----------------

           IN:                                      IN:
           ---                                      ---
              STO-SS =      789570.5782                STO-SS =        8646.9057     STORAGE                          
              STO-SY =      106226.8822                STO-SY =        1163.3334     STORAGE                          
                 WEL =           0.0000                   WEL =           0.0000     AG_PUMP                          
                 GHB =           0.0000                   GHB =           0.0000     GHB_FAULTS                       
                 RCH =     1048458.0006                   RCH =        2296.4172     SB_RCH                           
                 EVT =           0.0000                   EVT =           0.0000     LAKE_EVT                         

            TOTAL IN =     1944255.4610              TOTAL IN =       12106.6564

          OUT:                                     OUT:
          ----                                     ----
              STO-SS =           0.0000                STO-SS =           0.0000     STORAGE                          
              STO-SY =           0.0000                STO-SY =           0.0000     STORAGE                          
                 WEL =      901569.2939                   WEL =        9873.4488     AG_PUMP                          
                 GHB =       47700.6887                   GHB =         102.6108     GHB_FAULTS                       
                 RCH =           0.0000                   RCH =           0.0000     SB_RCH                           
                 EVT =      994780.6324                   EVT =        2127.9925     LAKE_EVT                         

           TOTAL OUT =     1944050.6150             TOTAL OUT =       12104.0521

            IN - OUT =         204.8460              IN - OUT =           2.6043

 PERCENT DISCREPANCY =           0.01     PERCENT DISCREPANCY =           0.02




         TIME SUMMARY AT END OF TIME STEP    1 IN STRESS PERIOD    2
                    SECONDS     MINUTES      HOURS       DAYS        YEARS
                    -----------------------------------------------------------
   TIME STEP LENGTH 7.88940E+06 1.31490E+05  2191.5      91.312     0.25000    
 STRESS PERIOD TIME 7.88940E+06 1.31490E+05  2191.5      91.312     0.25000    
         TOTAL TIME 3.94470E+07 6.57450E+05  10958.      456.56      1.2500    


end timestep


start timestep kper="2" kstp="2" mode="normal"



  VOLUME BUDGET FOR ENTIRE MODEL AT END OF TIME STEP    2, STRESS PERIOD   2
  ---------------------------------------------------------------------------------------------------

     CUMULATIVE VOLUME      L**3       RATES FOR THIS TIME STEP      L**3/T          PACKAGE NAME    
     ------------------                 ------------------------                     ----------------

           IN:                                      IN:
           ---                                      ---
              STO-SS =     1476625.0002                STO-SS =        7524.2100     STORAGE                          
              STO-SY =      315107.3689                STO-SY =        2287.5344     STORAGE                          
                 WEL =           0.0000                   WEL =           0.0000     AG_PUMP                          
                 GHB =           0.0000                   GHB =           0.0000     GHB_FAULTS                       
                 RCH =     1258149.6007                   RCH =        2296.4172     SB_RCH                           
                 EVT =           0.0000                   EVT =           0.0000     LAKE_EVT                         

            TOTAL IN =     3049881.9698              TOTAL IN =       12108.1616

          OUT:                                     OUT:
          ----                                     ----
              STO-SS =           0.0000                STO-SS =           0.0000     STORAGE                          
              STO-SY =           0.0000                STO-SY =           0.0000     STORAGE                          
                 WEL =     1803138.5878                   WEL =        9873.4488     AG_PUMP                          
                 GHB =       56871.8206                   GHB =         100.4368     GHB_FAULTS                       
                 RCH =           0.0000                   RCH =           0.0000     SB_RCH                           
                 EVT =     1189092.9446                   EVT =        2127.9925     LAKE_EVT                         

           TOTAL OUT =     3049103.3531             TOTAL OUT =       12101.8780

            IN - OUT =         778.6168              IN - OUT =           6.2836

 PERCENT DISCREPANCY =           0.03     PERCENT DISCREPANCY =           0.05




         TIME SUMMARY AT END OF TIME STEP    2 IN STRESS PERIOD    2
                    SECONDS     MINUTES      HOURS       DAYS        YEARS
                    -----------------------------------------------------------
   TIME STEP LENGTH 7.88940E+06 1.31490E+05  2191.5      91.312     0.25000    
 STRESS PERIOD TIME 1.57788E+07 2.62980E+05  4383.0      182.62     0.50000    
         TOTAL TIME 4.73364E+07 7.88940E+05  13149.      547.88      1.5000    


end timestep


start timestep kper="2" kstp="3" mode="normal"



  VOLUME BUDGET FOR ENTIRE MODEL AT END OF TIME STEP    3, STRESS PERIOD   2
  ---------------------------------------------------------------------------------------------------

     CUMULATIVE VOLUME      L**3       RATES FOR THIS TIME STEP      L**3/T          PACKAGE NAME    
     ------------------                 ------------------------                     ----------------

           IN:                                      IN:
           ---                                      ---
              STO-SS =     2084417.7572                STO-SS =        6656.1835     STORAGE                          
              STO-SY =      602329.4205                STO-SY =        3145.4845     STORAGE                          
                 WEL =           0.0000                   WEL =           0.0000     AG_PUMP                          
                 GHB =           0.0000                   GHB =           0.0000     GHB_FAULTS                       
                 RCH =     1467841.2008                   RCH =        2296.4172     SB_RCH                           
                 EVT =           0.0000                   EVT =           0.0000     LAKE_EVT                         

            TOTAL IN =     4154588.3785              TOTAL IN =       12098.0852

          OUT:                                     OUT:
          ----                                     ----
              STO-SS =           0.0000                STO-SS =           0.0000     STORAGE                          
              STO-SY =           0.0000                STO-SY =           0.0000     STORAGE                          
                 WEL =     2704707.8817                   WEL =        9873.4488     AG_PUMP                          
                 GHB =       65867.4344                   GHB =          98.5146     GHB_FAULTS                       
                 RCH =           0.0000                   RCH =           0.0000     SB_RCH                           
                 EVT =     1383405.2568                   EVT =        2127.9925     LAKE_EVT                         

           TOTAL OUT =     4153980.5730             TOTAL OUT =       12099.9559

            IN - OUT =         607.8056              IN - OUT =          -1.8706

 PERCENT DISCREPANCY =           0.01     PERCENT DISCREPANCY =          -0.02




         TIME SUMMARY AT END OF TIME STEP    3 IN STRESS PERIOD    2
                    SECONDS     MINUTES      HOURS       DAYS        YEARS
                    -----------------------------------------------------------
   TIME STEP LENGTH 7.88940E+06 1.31490E+05  2191.5      91.312     0.25000    
 STRESS PERIOD TIME 2.36682E+07 3.94470E+05  6574.5      273.94     0.75000    
         TOTAL TIME 5.52258E+07 9.20430E+05  15340.      639.19      1.7500    


end timestep


start timestep kper="2" kstp="4" mode="normal"

 UBDSV1 SAVING           STO-SS ON UNIT   1024 AT TIME STEP      4, STRESS PERIOD      2
 UBDSV1 SAVING           STO-SY ON UNIT   1024 AT TIME STEP      4, STRESS PERIOD      2
 UBDSV1 SAVING     FLOW-JA-FACE ON UNIT   1024 AT TIME STEP      4, STRESS PERIOD      2
 UBDSV06 SAVING       DATA-SPDIS IN MODEL LV_SIMPLE        PACKAGE NPF             CONNECTED TO MODEL LV_SIMPLE        PACKAGE NPF              ON UNIT   1024 AT TIME STEP      4, STRESS PERIOD      2
 UBDSV06 SAVING              WEL IN MODEL LV_SIMPLE        PACKAGE LV_SIMPLE       CONNECTED TO MODEL LV_SIMPLE        PACKAGE AG_PUMP          ON UNIT   1024 AT TIME STEP      4, STRESS PERIOD      2
 UBDSV06 SAVING              GHB IN MODEL LV_SIMPLE        PACKAGE LV_SIMPLE       CONNECTED TO MODEL LV_SIMPLE        PACKAGE GHB_FAULTS       ON UNIT   1024 AT TIME STEP      4, STRESS PERIOD      2
 UBDSV06 SAVING              RCH IN MODEL LV_SIMPLE        PACKAGE LV_SIMPLE       CONNECTED TO MODEL LV_SIMPLE        PACKAGE SB_RCH           ON UNIT   1024 AT TIME STEP      4, STRESS PERIOD      2
 UBDSV06 SAVING              EVT IN MODEL LV_SIMPLE        PACKAGE LV_SIMPLE       CONNECTED TO MODEL LV_SIMPLE        PACKAGE LAKE_EVT         ON UNIT   1024 AT TIME STEP      4, STRESS PERIOD      2

 HEAD WILL BE SAVED ON UNIT 1025 AT END OF TIME STEP    4, STRESS PERIOD    2


  VOLUME BUDGET FOR ENTIRE MODEL AT END OF TIME STEP    4, STRESS PERIOD   2
  ---------------------------------------------------------------------------------------------------

     CUMULATIVE VOLUME      L**3       RATES FOR THIS TIME STEP      L**3/T          PACKAGE NAME    
     ------------------                 ------------------------                     ----------------

           IN:                                      IN:
           ---                                      ---
              STO-SS =     2632262.2073                STO-SS =        5999.6654     STORAGE                          
              STO-SY =      949455.8493                STO-SY =        3801.5215     STORAGE                          
                 WEL =           0.0000                   WEL =           0.0000     AG_PUMP                          
                 GHB =           0.0000                   GHB =           0.0000     GHB_FAULTS                       
                 RCH =     1677532.8009                   RCH =        2296.4172     SB_RCH                           
                 EVT =           0.0000                   EVT =           0.0000     LAKE_EVT                         

            TOTAL IN =     5259250.8575              TOTAL IN =       12097.6042

          OUT:                                     OUT:
          ----                                     ----
              STO-SS =           0.0000                STO-SS =           0.0000     STORAGE                          
              STO-SY =           0.0000                STO-SY =           0.0000     STORAGE                          
                 WEL =     3606277.1757                   WEL =        9873.4488     AG_PUMP                          
                 GHB =       74704.6577                   GHB =          96.7800     GHB_FAULTS                       
                 RCH =           0.0000                   RCH =           0.0000     SB_RCH                           
                 EVT =     1577717.5690                   EVT =        2127.9925     LAKE_EVT                         

           TOTAL OUT =     5258699.4024             TOTAL OUT =       12098.2213

            IN - OUT =         551.4552              IN - OUT =          -0.6171

 PERCENT DISCREPANCY =           0.01     PERCENT DISCREPANCY =          -0.01




         TIME SUMMARY AT END OF TIME STEP    4 IN STRESS PERIOD    2
                    SECONDS     MINUTES      HOURS       DAYS        YEARS
                    -----------------------------------------------------------
   TIME STEP LENGTH 7.88940E+06 1.31490E+05  2191.5      91.312     0.25000    
 STRESS PERIOD TIME 3.15576E+07 5.25960E+05  8766.0      365.25      1.0000    
         TOTAL TIME 6.31152E+07 1.05192E+06  17532.      730.50      2.0000    


end timestep


start timestep kper="3" kstp="1" mode="normal"


 REUSING HFBS FROM LAST STRESS PERIOD

 BEGIN READING OUTPUT CONTROL FOR STRESS PERIOD 3
      THE LAST TIME STEP WILL BE SAVED
      THE LAST TIME STEP WILL BE SAVED
      ALL TIME STEPS WILL BE PRINTED

 END READING OUTPUT CONTROL FOR STRESS PERIOD 3


  VOLUME BUDGET FOR ENTIRE MODEL AT END OF TIME STEP    1, STRESS PERIOD   3
  ---------------------------------------------------------------------------------------------------

     CUMULATIVE VOLUME      L**3       RATES FOR THIS TIME STEP      L**3/T          PACKAGE NAME    
     ------------------                 ------------------------                     ----------------

           IN:                                      IN:
           ---                                      ---
              STO-SS =     3140675.8446                STO-SS =        5567.8427     STORAGE                          
              STO-SY =     1344339.2881                STO-SY =        4324.5277     STORAGE                          
                 WEL =           0.0000                   WEL =           0.0000     AG_PUMP                          
                 GHB =           0.0000                   GHB =           0.0000     GHB_FAULTS                       
                 RCH =     1887224.4011                   RCH =        2296.4172     SB_RCH                           
                 EVT =           0.0000                   EVT =           0.0000     LAKE_EVT                         

            TOTAL IN =     6372239.5338              TOTAL IN =       12188.7877

          OUT:                                     OUT:
          ----                                     ----
              STO-SS =           0.0000                STO-SS =           0.0000     STORAGE                          
              STO-SY =           0.0000                STO-SY =           0.0000     STORAGE                          
                 WEL =     4507830.2755                   WEL =        9873.2715     AG_PUMP                          
                 GHB =       83394.9947                   GHB =          95.1714     GHB_FAULTS                       
                 RCH =           0.0000                   RCH =           0.0000     SB_RCH                           
                 EVT =     1780971.2405                   EVT =        2225.9129     LAKE_EVT                         

           TOTAL OUT =     6372196.5106             TOTAL OUT =       12194.3557

            IN - OUT =          43.0231              IN - OUT =          -5.5680

 PERCENT DISCREPANCY =           0.00     PERCENT DISCREPANCY =          -0.05




         TIME SUMMARY AT END OF TIME STEP    1 IN STRESS PERIOD    3
                    SECONDS     MINUTES      HOURS       DAYS        YEARS
                    -----------------------------------------------------------
   TIME STEP LENGTH 7.88940E+06 1.31490E+05  2191.5      91.312     0.25000    
 STRESS PERIOD TIME 7.88940E+06 1.31490E+05  2191.5      91.312     0.25000    
         TOTAL TIME 7.10046E+07 1.18341E+06  19724.      821.81      2.2500    


end timestep


start timestep kper="3" kstp="2" mode="normal"



  VOLUME BUDGET FOR ENTIRE MODEL AT END OF TIME STEP    2, STRESS PERIOD   3
  ---------------------------------------------------------------------------------------------------

     CUMULATIVE VOLUME      L**3       RATES FOR THIS TIME STEP      L**3/T          PACKAGE NAME    
     ------------------                 ------------------------                     ----------------

           IN:                                      IN:
           ---                                      ---
              STO-SS =     3609454.7715                STO-SS =        5133.7870     STORAGE                          
              STO-SY =     1779593.1356                STO-SY =        4766.6404     STORAGE                          
                 WEL =           0.0000                   WEL =           0.0000     AG_PUMP                          
                 GHB =           0.0000                   GHB =           0.0000     GHB_FAULTS                       
                 RCH =     2096916.0012                   RCH =        2296.4172     SB_RCH                           
                 EVT =           0.0000                   EVT =           0.0000     LAKE_EVT                         

            TOTAL IN =     7485963.9083              TOTAL IN =       12196.8446

          OUT:                                     OUT:
          ----                                     ----
              STO-SS =           0.0000                STO-SS =           0.0000     STORAGE                          
              STO-SY =           0.0000                STO-SY =           0.0000     STORAGE                          
                 WEL =     5409383.3753                   WEL =        9873.2715     AG_PUMP                          
                 GHB =       91947.6106                   GHB =          93.6631     GHB_FAULTS                       
                 RCH =           0.0000                   RCH =           0.0000     SB_RCH                           
                 EVT =     1984224.9119                   EVT =        2225.9129     LAKE_EVT                         

           TOTAL OUT =     7485555.8978             TOTAL OUT =       12192.8475

            IN - OUT =         408.0105              IN - OUT =           3.9971

 PERCENT DISCREPANCY =           0.01     PERCENT DISCREPANCY =           0.03




         TIME SUMMARY AT END OF TIME STEP    2 IN STRESS PERIOD    3
                    SECONDS     MINUTES      HOURS       DAYS        YEARS
                    -----------------------------------------------------------
   TIME STEP LENGTH 7.88940E+06 1.31490E+05  2191.5      91.312     0.25000    
 STRESS PERIOD TIME 1.57788E+07 2.62980E+05  4383.0      182.62     0.50000    
         TOTAL TIME 7.88940E+07 1.31490E+06  21915.      913.12      2.5000    


end timestep


start timestep kper="3" kstp="3" mode="normal"



  VOLUME BUDGET FOR ENTIRE MODEL AT END OF TIME STEP    3, STRESS PERIOD   3
  ---------------------------------------------------------------------------------------------------

     CUMULATIVE VOLUME      L**3       RATES FOR THIS TIME STEP      L**3/T          PACKAGE NAME    
     ------------------                 ------------------------                     ----------------

           IN:                                      IN:
           ---                                      ---
              STO-SS =     4043005.6920                STO-SS =        4747.9909     STORAGE                          
              STO-SY =     2249470.7623                STO-SY =        5145.8193     STORAGE                          
                 WEL =           0.0000                   WEL =           0.0000     AG_PUMP                          
                 GHB =           0.0000                   GHB =           0.0000     GHB_FAULTS                       
                 RCH =     2306607.6013                   RCH =        2296.4172     SB_RCH                           
                 EVT =           0.0000                   EVT =           0.0000     LAKE_EVT                         

            TOTAL IN =     8599084.0555              TOTAL IN =       12190.2275

          OUT:                                     OUT:
          ----                                     ----
              STO-SS =           0.0000                STO-SS =           0.0000     STORAGE                          
              STO-SY =           0.0000                STO-SY =           0.0000     STORAGE                          
                 WEL =     6310936.4751                   WEL =        9873.2715     AG_PUMP                          
                 GHB =      100370.4612                   GHB =          92.2420     GHB_FAULTS                       
                 RCH =           0.0000                   RCH =           0.0000     SB_RCH                           
                 EVT =     2187478.5834                   EVT =        2225.9129     LAKE_EVT                         

           TOTAL OUT =     8598785.5196             TOTAL OUT =       12191.4264

            IN - OUT =         298.5359              IN - OUT =          -1.1989

 PERCENT DISCREPANCY =           0.00     PERCENT DISCREPANCY =          -0.01




         TIME SUMMARY AT END OF TIME STEP    3 IN STRESS PERIOD    3
                    SECONDS     MINUTES      HOURS       DAYS        YEARS
                    -----------------------------------------------------------
   TIME STEP LENGTH 7.88940E+06 1.31490E+05  2191.5      91.312     0.25000    
 STRESS PERIOD TIME 2.36682E+07 3.94470E+05  6574.5      273.94     0.75000    
         TOTAL TIME 8.67834E+07 1.44639E+06  24106.      1004.4      2.7500    


end timestep


start timestep kper="3" kstp="4" mode="normal"

 UBDSV1 SAVING           STO-SS ON UNIT   1024 AT TIME STEP      4, STRESS PERIOD      3
 UBDSV1 SAVING           STO-SY ON UNIT   1024 AT TIME STEP      4, STRESS PERIOD      3
 UBDSV1 SAVING     FLOW-JA-FACE ON UNIT   1024 AT TIME STEP      4, STRESS PERIOD      3
 UBDSV06 SAVING       DATA-SPDIS IN MODEL LV_SIMPLE        PACKAGE NPF             CONNECTED TO MODEL LV_SIMPLE        PACKAGE NPF              ON UNIT   1024 AT TIME STEP      4, STRESS PERIOD      3
 UBDSV06 SAVING              WEL IN MODEL LV_SIMPLE        PACKAGE LV_SIMPLE       CONNECTED TO MODEL LV_SIMPLE        PACKAGE AG_PUMP          ON UNIT   1024 AT TIME STEP      4, STRESS PERIOD      3
 UBDSV06 SAVING              GHB IN MODEL LV_SIMPLE        PACKAGE LV_SIMPLE       CONNECTED TO MODEL LV_SIMPLE        PACKAGE GHB_FAULTS       ON UNIT   1024 AT TIME STEP      4, STRESS PERIOD      3
 UBDSV06 SAVING              RCH IN MODEL LV_SIMPLE        PACKAGE LV_SIMPLE       CONNECTED TO MODEL LV_SIMPLE        PACKAGE SB_RCH           ON UNIT   1024 AT TIME STEP      4, STRESS PERIOD      3
 UBDSV06 SAVING              EVT IN MODEL LV_SIMPLE        PACKAGE LV_SIMPLE       CONNECTED TO MODEL LV_SIMPLE        PACKAGE LAKE_EVT         ON UNIT   1024 AT TIME STEP      4, STRESS PERIOD      3

 HEAD WILL BE SAVED ON UNIT 1025 AT END OF TIME STEP    4, STRESS PERIOD    3


  VOLUME BUDGET FOR ENTIRE MODEL AT END OF TIME STEP    4, STRESS PERIOD   3
  ---------------------------------------------------------------------------------------------------

     CUMULATIVE VOLUME      L**3       RATES FOR THIS TIME STEP      L**3/T          PACKAGE NAME    
     ------------------                 ------------------------                     ----------------

           IN:                                      IN:
           ---                                      ---
              STO-SS =     4443627.7685                STO-SS =        4387.3739     STORAGE                          
              STO-SY =     2752669.5740                STO-SY =        5510.7331     STORAGE                          
                 WEL =           0.0000                   WEL =           0.0000     AG_PUMP                          
                 GHB =           0.0000                   GHB =           0.0000     GHB_FAULTS                       
                 RCH =     2516299.2014                   RCH =        2296.4172     SB_RCH                           
                 EVT =           0.0000                   EVT =           0.0000     LAKE_EVT                         

            TOTAL IN =     9712596.5439              TOTAL IN =       12194.5242

          OUT:                                     OUT:
          ----                                     ----
              STO-SS =           0.0000                STO-SS =           0.0000     STORAGE                          
              STO-SY =           0.0000                STO-SY =           0.0000     STORAGE                          
                 WEL =     7212489.5749                   WEL =        9873.2715     AG_PUMP                          
                 GHB =      108671.2314                   GHB =          90.9051     GHB_FAULTS                       
                 RCH =           0.0000                   RCH =           0.0000     SB_RCH                           
                 EVT =     2390732.2548                   EVT =        2225.9129     LAKE_EVT                         

           TOTAL OUT =     9711893.0611             TOTAL OUT =       12190.0894

            IN - OUT =         703.4828              IN - OUT =           4.4347

 PERCENT DISCREPANCY =           0.01     PERCENT DISCREPANCY =           0.04




         TIME SUMMARY AT END OF TIME STEP    4 IN STRESS PERIOD    3
                    SECONDS     MINUTES      HOURS       DAYS        YEARS
                    -----------------------------------------------------------
   TIME STEP LENGTH 7.88940E+06 1.31490E+05  2191.5      91.312     0.25000    
 STRESS PERIOD TIME 3.15576E+07 5.25960E+05  8766.0      365.25      1.0000    
         TOTAL TIME 9.46728E+07 1.57788E+06  26298.      1095.8      3.0000    


end timestep


start timestep kper="4" kstp="1" mode="normal"


 REUSING HFBS FROM LAST STRESS PERIOD

 BEGIN READING OUTPUT CONTROL FOR STRESS PERIOD 4
      THE LAST TIME STEP WILL BE SAVED
      THE LAST TIME STEP WILL BE SAVED
      ALL TIME STEPS WILL BE PRINTED

 END READING OUTPUT CONTROL FOR STRESS PERIOD 4


  VOLUME BUDGET FOR ENTIRE MODEL AT END OF TIME STEP    1, STRESS PERIOD   4
  ---------------------------------------------------------------------------------------------------

     CUMULATIVE VOLUME      L**3       RATES FOR THIS TIME STEP      L**3/T          PACKAGE NAME    
     ------------------                 ------------------------                     ----------------

           IN:                                      IN:
           ---                                      ---
              STO-SS =     4813063.7627                STO-SS =        4045.8425     STORAGE                          
              STO-SY =     3282588.9812                STO-SY =        5803.3611     STORAGE                          
                 WEL =           0.0000                   WEL =           0.0000     AG_PUMP                          
                 GHB =           0.0000                   GHB =           0.0000     GHB_FAULTS                       
                 RCH =     2725990.8015                   RCH =        2296.4172     SB_RCH                           
                 EVT =           0.0000                   EVT =           0.0000     LAKE_EVT                         

            TOTAL IN =    10821643.5454              TOTAL IN =       12145.6208

          OUT:                                     OUT:
          ----                                     ----
              STO-SS =           0.0000                STO-SS =           0.0000     STORAGE                          
              STO-SY =           0.0000                STO-SY =           0.0000     STORAGE                          
                 WEL =     8114042.2529                   WEL =        9873.2668     AG_PUMP                          
                 GHB =      116857.5662                   GHB =          89.6519     GHB_FAULTS                       
                 RCH =           0.0000                   RCH =           0.0000     SB_RCH                           
                 EVT =     2590176.2395                   EVT =        2184.1915     LAKE_EVT                         

           TOTAL OUT =    10821076.0586             TOTAL OUT =       12147.1102

            IN - OUT =         567.4869              IN - OUT =          -1.4893

 PERCENT DISCREPANCY =           0.01     PERCENT DISCREPANCY =          -0.01




         TIME SUMMARY AT END OF TIME STEP    1 IN STRESS PERIOD    4
                    SECONDS     MINUTES      HOURS       DAYS        YEARS
                    -----------------------------------------------------------
   TIME STEP LENGTH 7.88940E+06 1.31490E+05  2191.5      91.312     0.25000    
 STRESS PERIOD TIME 7.88940E+06 1.31490E+05  2191.5      91.312     0.25000    
         TOTAL TIME 1.02562E+08 1.70937E+06  28490.      1187.1      3.2500    


end timestep


start timestep kper="4" kstp="2" mode="normal"



  VOLUME BUDGET FOR ENTIRE MODEL AT END OF TIME STEP    2, STRESS PERIOD   4
  ---------------------------------------------------------------------------------------------------

     CUMULATIVE VOLUME      L**3       RATES FOR THIS TIME STEP      L**3/T          PACKAGE NAME    
     ------------------                 ------------------------                     ----------------

           IN:                                      IN:
           ---                                      ---
              STO-SS =     5161100.3637                STO-SS =        3811.4891     STORAGE                          
              STO-SY =     3834206.1381                STO-SY =        6040.9819     STORAGE                          
                 WEL =           0.0000                   WEL =           0.0000     AG_PUMP                          
                 GHB =           0.0000                   GHB =           0.0000     GHB_FAULTS                       
                 RCH =     2935682.4016                   RCH =        2296.4172     SB_RCH                           
                 EVT =           0.0000                   EVT =           0.0000     LAKE_EVT                         

            TOTAL IN =    11930988.9035              TOTAL IN =       12148.8882

          OUT:                                     OUT:
          ----                                     ----
              STO-SS =           0.0000                STO-SS =           0.0000     STORAGE                          
              STO-SY =           0.0000                STO-SY =           0.0000     STORAGE                          
                 WEL =     9015594.9310                   WEL =        9873.2668     AG_PUMP                          
                 GHB =      124935.0268                   GHB =          88.4595     GHB_FAULTS                       
                 RCH =           0.0000                   RCH =           0.0000     SB_RCH                           
                 EVT =     2789620.2241                   EVT =        2184.1915     LAKE_EVT                         

           TOTAL OUT =    11930150.1819             TOTAL OUT =       12145.9178

            IN - OUT =         838.7216              IN - OUT =           2.9704

 PERCENT DISCREPANCY =           0.01     PERCENT DISCREPANCY =           0.02




         TIME SUMMARY AT END OF TIME STEP    2 IN STRESS PERIOD    4
                    SECONDS     MINUTES      HOURS       DAYS        YEARS
                    -----------------------------------------------------------
   TIME STEP LENGTH 7.88940E+06 1.31490E+05  2191.5      91.312     0.25000    
 STRESS PERIOD TIME 1.57788E+07 2.62980E+05  4383.0      182.62     0.50000    
         TOTAL TIME 1.10452E+08 1.84086E+06  30681.      1278.4      3.5000    


end timestep


start timestep kper="4" kstp="3" mode="normal"



  VOLUME BUDGET FOR ENTIRE MODEL AT END OF TIME STEP    3, STRESS PERIOD   4
  ---------------------------------------------------------------------------------------------------

     CUMULATIVE VOLUME      L**3       RATES FOR THIS TIME STEP      L**3/T          PACKAGE NAME    
     ------------------                 ------------------------                     ----------------

           IN:                                      IN:
           ---                                      ---
              STO-SS =     5488824.5386                STO-SS =        3589.0396     STORAGE                          
              STO-SY =     4406149.4477                STO-SY =        6263.5818     STORAGE                          
                 WEL =           0.0000                   WEL =           0.0000     AG_PUMP                          
                 GHB =           0.0000                   GHB =           0.0000     GHB_FAULTS                       
                 RCH =     3145374.0018                   RCH =        2296.4172     SB_RCH                           
                 EVT =           0.0000                   EVT =           0.0000     LAKE_EVT                         

            TOTAL IN =    13040347.9880              TOTAL IN =       12149.0386

          OUT:                                     OUT:
          ----                                     ----
              STO-SS =           0.0000                STO-SS =           0.0000     STORAGE                          
              STO-SY =           0.0000                STO-SY =           0.0000     STORAGE                          
                 WEL =     9917147.6091                   WEL =        9873.2668     AG_PUMP                          
                 GHB =      132908.5491                   GHB =          87.3213     GHB_FAULTS                       
                 RCH =           0.0000                   RCH =           0.0000     SB_RCH                           
                 EVT =     2989064.2087                   EVT =        2184.1915     LAKE_EVT                         

           TOTAL OUT =    13039120.3669             TOTAL OUT =       12144.7796

            IN - OUT =        1227.6211              IN - OUT =           4.2590

 PERCENT DISCREPANCY =           0.01     PERCENT DISCREPANCY =           0.04




         TIME SUMMARY AT END OF TIME STEP    3 IN STRESS PERIOD    4
                    SECONDS     MINUTES      HOURS       DAYS        YEARS
                    -----------------------------------------------------------
   TIME STEP LENGTH 7.88940E+06 1.31490E+05  2191.5      91.312     0.25000    
 STRESS PERIOD TIME 2.36682E+07 3.94470E+05  6574.5      273.94     0.75000    
         TOTAL TIME 1.18341E+08 1.97235E+06  32872.      1369.7      3.7500    


end timestep


start timestep kper="4" kstp="4" mode="normal"

 UBDSV1 SAVING           STO-SS ON UNIT   1024 AT TIME STEP      4, STRESS PERIOD      4
 UBDSV1 SAVING           STO-SY ON UNIT   1024 AT TIME STEP      4, STRESS PERIOD      4
 UBDSV1 SAVING     FLOW-JA-FACE ON UNIT   1024 AT TIME STEP      4, STRESS PERIOD      4
 UBDSV06 SAVING       DATA-SPDIS IN MODEL LV_SIMPLE        PACKAGE NPF             CONNECTED TO MODEL LV_SIMPLE        PACKAGE NPF              ON UNIT   1024 AT TIME STEP      4, STRESS PERIOD      4
 UBDSV06 SAVING              WEL IN MODEL LV_SIMPLE        PACKAGE LV_SIMPLE       CONNECTED TO MODEL LV_SIMPLE        PACKAGE AG_PUMP          ON UNIT   1024 AT TIME STEP      4, STRESS PERIOD      4
 UBDSV06 SAVING              GHB IN MODEL LV_SIMPLE        PACKAGE LV_SIMPLE       CONNECTED TO MODEL LV_SIMPLE        PACKAGE GHB_FAULTS       ON UNIT   1024 AT TIME STEP      4, STRESS PERIOD      4
 UBDSV06 SAVING              RCH IN MODEL LV_SIMPLE        PACKAGE LV_SIMPLE       CONNECTED TO MODEL LV_SIMPLE        PACKAGE SB_RCH           ON UNIT   1024 AT TIME STEP      4, STRESS PERIOD      4
 UBDSV06 SAVING              EVT IN MODEL LV_SIMPLE        PACKAGE LV_SIMPLE       CONNECTED TO MODEL LV_SIMPLE        PACKAGE LAKE_EVT         ON UNIT   1024 AT TIME STEP      4, STRESS PERIOD      4

 HEAD WILL BE SAVED ON UNIT 1025 AT END OF TIME STEP    4, STRESS PERIOD    4


  VOLUME BUDGET FOR ENTIRE MODEL AT END OF TIME STEP    4, STRESS PERIOD   4
  ---------------------------------------------------------------------------------------------------

     CUMULATIVE VOLUME      L**3       RATES FOR THIS TIME STEP      L**3/T          PACKAGE NAME    
     ------------------                 ------------------------                     ----------------

           IN:                                      IN:
           ---                                      ---
              STO-SS =     5797260.0706                STO-SS =        3377.8019     STORAGE                          
              STO-SY =     4997391.8639                STO-SY =        6474.9341     STORAGE                          
                 WEL =           0.0000                   WEL =           0.0000     AG_PUMP                          
                 GHB =           0.0000                   GHB =           0.0000     GHB_FAULTS                       
                 RCH =     3355065.6019                   RCH =        2296.4172     SB_RCH                           
                 EVT =           0.0000                   EVT =           0.0000     LAKE_EVT                         

            TOTAL IN =    14149717.5364              TOTAL IN =       12149.1532

          OUT:                                     OUT:
          ----                                     ----
              STO-SS =           0.0000                STO-SS =           0.0000     STORAGE                          
              STO-SY =           0.0000                STO-SY =           0.0000     STORAGE                          
                 WEL =    10818700.2871                   WEL =        9873.2668     AG_PUMP                          
                 GHB =      140782.7229                   GHB =          86.2333     GHB_FAULTS                       
                 RCH =           0.0000                   RCH =           0.0000     SB_RCH                           
                 EVT =     3188508.1934                   EVT =        2184.1915     LAKE_EVT                         

           TOTAL OUT =    14147991.2035             TOTAL OUT =       12143.6916

            IN - OUT =        1726.3330              IN - OUT =           5.4616

 PERCENT DISCREPANCY =           0.01     PERCENT DISCREPANCY =           0.04




         TIME SUMMARY AT END OF TIME STEP    4 IN STRESS PERIOD    4
                    SECONDS     MINUTES      HOURS       DAYS        YEARS
                    -----------------------------------------------------------
   TIME STEP LENGTH 7.88940E+06 1.31490E+05  2191.5      91.312     0.25000    
 STRESS PERIOD TIME 3.15576E+07 5.25960E+05  8766.0      365.25      1.0000    
         TOTAL TIME 1.26230E+08 2.10384E+06  35064.      1461.0      4.0000    


end timestep


start timestep kper="5" kstp="1" mode="normal"


 REUSING HFBS FROM LAST STRESS PERIOD

 BEGIN READING OUTPUT CONTROL FOR STRESS PERIOD 5
      THE LAST TIME STEP WILL BE SAVED
      THE LAST TIME STEP WILL BE SAVED
      ALL TIME STEPS WILL BE PRINTED

 END READING OUTPUT CONTROL FOR STRESS PERIOD 5


  VOLUME BUDGET FOR ENTIRE MODEL AT END OF TIME STEP    1, STRESS PERIOD   5
  ---------------------------------------------------------------------------------------------------

     CUMULATIVE VOLUME      L**3       RATES FOR THIS TIME STEP      L**3/T          PACKAGE NAME    
     ------------------                 ------------------------                     ----------------

           IN:                                      IN:
           ---                                      ---
              STO-SS =     6086131.0323                STO-SS =        3163.5424     STORAGE                          
              STO-SY =     5604656.2942                STO-SY =        6650.3976     STORAGE                          
                 WEL =           0.0000                   WEL =           0.0000     AG_PUMP                          
                 GHB =           0.0000                   GHB =           0.0000     GHB_FAULTS                       
                 RCH =     3564757.2020                   RCH =        2296.4172     SB_RCH                           
                 EVT =           0.0000                   EVT =           0.0000     LAKE_EVT                         

            TOTAL IN =    15255544.5284              TOTAL IN =       12110.3572

          OUT:                                     OUT:
          ----                                     ----
              STO-SS =           0.0000                STO-SS =           0.0000     STORAGE                          
              STO-SY =           0.0000                STO-SY =           0.0000     STORAGE                          
                 WEL =    11720251.4400                   WEL =        9873.2501     AG_PUMP                          
                 GHB =      148562.2917                   GHB =          85.1972     GHB_FAULTS                       
                 RCH =           0.0000                   RCH =           0.0000     SB_RCH                           
                 EVT =     3384873.6308                   EVT =        2150.4771     LAKE_EVT                         

           TOTAL OUT =    15253687.3626             TOTAL OUT =       12108.9244

            IN - OUT =        1857.1658              IN - OUT =           1.4328

 PERCENT DISCREPANCY =           0.01     PERCENT DISCREPANCY =           0.01




         TIME SUMMARY AT END OF TIME STEP    1 IN STRESS PERIOD    5
                    SECONDS     MINUTES      HOURS       DAYS        YEARS
                    -----------------------------------------------------------
   TIME STEP LENGTH 7.88940E+06 1.31490E+05  2191.5      91.312     0.25000    
 STRESS PERIOD TIME 7.88940E+06 1.31490E+05  2191.5      91.312     0.25000    
         TOTAL TIME 1.34120E+08 2.23533E+06  37256.      1552.3      4.2500    


end timestep


start timestep kper="5" kstp="2" mode="normal"



  VOLUME BUDGET FOR ENTIRE MODEL AT END OF TIME STEP    2, STRESS PERIOD   5
  ---------------------------------------------------------------------------------------------------

     CUMULATIVE VOLUME      L**3       RATES FOR THIS TIME STEP      L**3/T          PACKAGE NAME    
     ------------------                 ------------------------                     ----------------

           IN:                                      IN:
           ---                                      ---
              STO-SS =     6362095.6019                STO-SS =        3022.1993     STORAGE                          
              STO-SY =     6224583.2471                STO-SY =        6789.0700     STORAGE                          
                 WEL =           0.0000                   WEL =           0.0000     AG_PUMP                          
                 GHB =           0.0000                   GHB =           0.0000     GHB_FAULTS                       
                 RCH =     3774448.8021                   RCH =        2296.4172     SB_RCH                           
                 EVT =           0.0000                   EVT =           0.0000     LAKE_EVT                         

            TOTAL IN =    16361127.6511              TOTAL IN =       12107.6865

          OUT:                                     OUT:
          ----                                     ----
              STO-SS =           0.0000                STO-SS =           0.0000     STORAGE                          
              STO-SY =           0.0000                STO-SY =           0.0000     STORAGE                          
                 WEL =    12621802.5929                   WEL =        9873.2501     AG_PUMP                          
                 GHB =      156251.1197                   GHB =          84.2035     GHB_FAULTS                       
                 RCH =           0.0000                   RCH =           0.0000     SB_RCH                           
                 EVT =     3581239.0683                   EVT =        2150.4771     LAKE_EVT                         

           TOTAL OUT =    16359292.7809             TOTAL OUT =       12107.9307

            IN - OUT =        1834.8702              IN - OUT =          -0.2442

 PERCENT DISCREPANCY =           0.01     PERCENT DISCREPANCY =          -0.00




         TIME SUMMARY AT END OF TIME STEP    2 IN STRESS PERIOD    5
                    SECONDS     MINUTES      HOURS       DAYS        YEARS
                    -----------------------------------------------------------
   TIME STEP LENGTH 7.88940E+06 1.31490E+05  2191.5      91.312     0.25000    
 STRESS PERIOD TIME 1.57788E+07 2.62980E+05  4383.0      182.62     0.50000    
         TOTAL TIME 1.42009E+08 2.36682E+06  39447.      1643.6      4.5000    


end timestep


start timestep kper="5" kstp="3" mode="normal"



  VOLUME BUDGET FOR ENTIRE MODEL AT END OF TIME STEP    3, STRESS PERIOD   5
  ---------------------------------------------------------------------------------------------------

     CUMULATIVE VOLUME      L**3       RATES FOR THIS TIME STEP      L**3/T          PACKAGE NAME    
     ------------------                 ------------------------                     ----------------

           IN:                                      IN:
           ---                                      ---
              STO-SS =     6627454.0360                STO-SS =        2906.0472     STORAGE                          
              STO-SY =     6855064.1824                STO-SY =        6904.6509     STORAGE                          
                 WEL =           0.0000                   WEL =           0.0000     AG_PUMP                          
                 GHB =           0.0000                   GHB =           0.0000     GHB_FAULTS                       
                 RCH =     3984140.4022                   RCH =        2296.4172     SB_RCH                           
                 EVT =           0.0000                   EVT =           0.0000     LAKE_EVT                         

            TOTAL IN =    17466658.6207              TOTAL IN =       12107.1153

          OUT:                                     OUT:
          ----                                     ----
              STO-SS =           0.0000                STO-SS =           0.0000     STORAGE                          
              STO-SY =           0.0000                STO-SY =           0.0000     STORAGE                          
                 WEL =    13523353.7458                   WEL =        9873.2501     AG_PUMP                          
                 GHB =      163854.3914                   GHB =          83.2665     GHB_FAULTS                       
                 RCH =           0.0000                   RCH =           0.0000     SB_RCH                           
                 EVT =     3777604.5057                   EVT =        2150.4771     LAKE_EVT                         

           TOTAL OUT =    17464812.6430             TOTAL OUT =       12106.9937

            IN - OUT =        1845.9777              IN - OUT =           0.1216

 PERCENT DISCREPANCY =           0.01     PERCENT DISCREPANCY =           0.00




         TIME SUMMARY AT END OF TIME STEP    3 IN STRESS PERIOD    5
                    SECONDS     MINUTES      HOURS       DAYS        YEARS
                    -----------------------------------------------------------
   TIME STEP LENGTH 7.88940E+06 1.31490E+05  2191.5      91.312     0.25000    
 STRESS PERIOD TIME 2.36682E+07 3.94470E+05  6574.5      273.94     0.75000    
         TOTAL TIME 1.49899E+08 2.49831E+06  41638.      1734.9      4.7500    


end timestep


start timestep kper="5" kstp="4" mode="normal"

 UBDSV1 SAVING           STO-SS ON UNIT   1024 AT TIME STEP      4, STRESS PERIOD      5
 UBDSV1 SAVING           STO-SY ON UNIT   1024 AT TIME STEP      4, STRESS PERIOD      5
 UBDSV1 SAVING     FLOW-JA-FACE ON UNIT   1024 AT TIME STEP      4, STRESS PERIOD      5
 UBDSV06 SAVING       DATA-SPDIS IN MODEL LV_SIMPLE        PACKAGE NPF             CONNECTED TO MODEL LV_SIMPLE        PACKAGE NPF              ON UNIT   1024 AT TIME STEP      4, STRESS PERIOD      5
 UBDSV06 SAVING              WEL IN MODEL LV_SIMPLE        PACKAGE LV_SIMPLE       CONNECTED TO MODEL LV_SIMPLE        PACKAGE AG_PUMP          ON UNIT   1024 AT TIME STEP      4, STRESS PERIOD      5
 UBDSV06 SAVING              GHB IN MODEL LV_SIMPLE        PACKAGE LV_SIMPLE       CONNECTED TO MODEL LV_SIMPLE        PACKAGE GHB_FAULTS       ON UNIT   1024 AT TIME STEP      4, STRESS PERIOD      5
 UBDSV06 SAVING              RCH IN MODEL LV_SIMPLE        PACKAGE LV_SIMPLE       CONNECTED TO MODEL LV_SIMPLE        PACKAGE SB_RCH           ON UNIT   1024 AT TIME STEP      4, STRESS PERIOD      5
 UBDSV06 SAVING              EVT IN MODEL LV_SIMPLE        PACKAGE LV_SIMPLE       CONNECTED TO MODEL LV_SIMPLE        PACKAGE LAKE_EVT         ON UNIT   1024 AT TIME STEP      4, STRESS PERIOD      5

 HEAD WILL BE SAVED ON UNIT 1025 AT END OF TIME STEP    4, STRESS PERIOD    5


  VOLUME BUDGET FOR ENTIRE MODEL AT END OF TIME STEP    4, STRESS PERIOD   5
  ---------------------------------------------------------------------------------------------------

     CUMULATIVE VOLUME      L**3       RATES FOR THIS TIME STEP      L**3/T          PACKAGE NAME    
     ------------------                 ------------------------                     ----------------

           IN:                                      IN:
           ---                                      ---
              STO-SS =     6884228.1547                STO-SS =        2812.0369     STORAGE                          
              STO-SY =     7494105.5091                STO-SY =        6998.3992     STORAGE                          
                 WEL =           0.0000                   WEL =           0.0000     AG_PUMP                          
                 GHB =           0.0000                   GHB =           0.0000     GHB_FAULTS                       
                 RCH =     4193832.0024                   RCH =        2296.4172     SB_RCH                           
                 EVT =           0.0000                   EVT =           0.0000     LAKE_EVT                         

            TOTAL IN =    18572165.6662              TOTAL IN =       12106.8533

          OUT:                                     OUT:
          ----                                     ----
              STO-SS =           0.0000                STO-SS =           0.0000     STORAGE                          
              STO-SY =           0.0000                STO-SY =           0.0000     STORAGE                          
                 WEL =    14424904.8987                   WEL =        9873.2501     AG_PUMP                          
                 GHB =      171374.6841                   GHB =          82.3578     GHB_FAULTS                       
                 RCH =           0.0000                   RCH =           0.0000     SB_RCH                           
                 EVT =     3973969.9432                   EVT =        2150.4771     LAKE_EVT                         

           TOTAL OUT =    18570249.5260             TOTAL OUT =       12106.0850

            IN - OUT =        1916.1402              IN - OUT =           0.7684

 PERCENT DISCREPANCY =           0.01     PERCENT DISCREPANCY =           0.01




         TIME SUMMARY AT END OF TIME STEP    4 IN STRESS PERIOD    5
                    SECONDS     MINUTES      HOURS       DAYS        YEARS
                    -----------------------------------------------------------
   TIME STEP LENGTH 7.88940E+06 1.31490E+05  2191.5      91.312     0.25000    
 STRESS PERIOD TIME 3.15576E+07 5.25960E+05  8766.0      365.25      1.0000    
         TOTAL TIME 1.57788E+08 2.62980E+06  43830.      1826.2      5.0000    


end timestep


start timestep kper="6" kstp="1" mode="normal"


 REUSING HFBS FROM LAST STRESS PERIOD

 BEGIN READING OUTPUT CONTROL FOR STRESS PERIOD 6
      THE LAST TIME STEP WILL BE SAVED
      THE LAST TIME STEP WILL BE SAVED
      ALL TIME STEPS WILL BE PRINTED

 END READING OUTPUT CONTROL FOR STRESS PERIOD 6


  VOLUME BUDGET FOR ENTIRE MODEL AT END OF TIME STEP    1, STRESS PERIOD   6
  ---------------------------------------------------------------------------------------------------

     CUMULATIVE VOLUME      L**3       RATES FOR THIS TIME STEP      L**3/T          PACKAGE NAME    
     ------------------                 ------------------------                     ----------------

           IN:                                      IN:
           ---                                      ---
              STO-SS =     7131539.2174                STO-SS =        2708.4032     STORAGE                          
              STO-SY =     8142608.6762                STO-SY =        7102.0196     STORAGE                          
                 WEL =           0.0000                   WEL =           0.0000     AG_PUMP                          
                 GHB =           0.0000                   GHB =           0.0000     GHB_FAULTS                       
                 RCH =     4403523.6025                   RCH =        2296.4172     SB_RCH                           
                 EVT =           0.0000                   EVT =           0.0000     LAKE_EVT                         

            TOTAL IN =    19677671.4960              TOTAL IN =       12106.8400

          OUT:                                     OUT:
          ----                                     ----
              STO-SS =           0.0000                STO-SS =           0.0000     STORAGE                          
              STO-SY =           0.0000                STO-SY =           0.0000     STORAGE                          
                 WEL =    15326457.1829                   WEL =        9873.2625     AG_PUMP                          
                 GHB =      178814.2517                   GHB =          81.4737     GHB_FAULTS                       
                 RCH =           0.0000                   RCH =           0.0000     SB_RCH                           
                 EVT =     4170037.6771                   EVT =        2147.2168     LAKE_EVT                         

           TOTAL OUT =    19675309.1117             TOTAL OUT =       12101.9530

            IN - OUT =        2362.3844              IN - OUT =           4.8870

 PERCENT DISCREPANCY =           0.01     PERCENT DISCREPANCY =           0.04




         TIME SUMMARY AT END OF TIME STEP    1 IN STRESS PERIOD    6
                    SECONDS     MINUTES      HOURS       DAYS        YEARS
                    -----------------------------------------------------------
   TIME STEP LENGTH 7.88940E+06 1.31490E+05  2191.5      91.312     0.25000    
 STRESS PERIOD TIME 7.88940E+06 1.31490E+05  2191.5      91.312     0.25000    
         TOTAL TIME 1.65677E+08 2.76129E+06  46022.      1917.6      5.2500    


end timestep


start timestep kper="6" kstp="2" mode="normal"



  VOLUME BUDGET FOR ENTIRE MODEL AT END OF TIME STEP    2, STRESS PERIOD   6
  ---------------------------------------------------------------------------------------------------

     CUMULATIVE VOLUME      L**3       RATES FOR THIS TIME STEP      L**3/T          PACKAGE NAME    
     ------------------                 ------------------------                     ----------------

           IN:                                      IN:
           ---                                      ---
              STO-SS =     7369406.1601                STO-SS =        2604.9768     STORAGE                          
              STO-SY =     8800029.3981                STO-SY =        7199.6794     STORAGE                          
                 WEL =           0.0000                   WEL =           0.0000     AG_PUMP                          
                 GHB =           0.0000                   GHB =           0.0000     GHB_FAULTS                       
                 RCH =     4613215.2026                   RCH =        2296.4172     SB_RCH                           
                 EVT =           0.0000                   EVT =           0.0000     LAKE_EVT                         

            TOTAL IN =    20782650.7609              TOTAL IN =       12101.0734

          OUT:                                     OUT:
          ----                                     ----
              STO-SS =           0.0000                STO-SS =           0.0000     STORAGE                          
              STO-SY =           0.0000                STO-SY =           0.0000     STORAGE                          
                 WEL =    16228009.4670                   WEL =        9873.2625     AG_PUMP                          
                 GHB =      186175.3158                   GHB =          80.6140     GHB_FAULTS                       
                 RCH =           0.0000                   RCH =           0.0000     SB_RCH                           
                 EVT =     4366105.4111                   EVT =        2147.2168     LAKE_EVT                         

           TOTAL OUT =    20780290.1939             TOTAL OUT =       12101.0933

            IN - OUT =        2360.5670              IN - OUT =      -1.9903E-02

 PERCENT DISCREPANCY =           0.01     PERCENT DISCREPANCY =          -0.00




         TIME SUMMARY AT END OF TIME STEP    2 IN STRESS PERIOD    6
                    SECONDS     MINUTES      HOURS       DAYS        YEARS
                    -----------------------------------------------------------
   TIME STEP LENGTH 7.88940E+06 1.31490E+05  2191.5      91.312     0.25000    
 STRESS PERIOD TIME 1.57788E+07 2.62980E+05  4383.0      182.62     0.50000    
         TOTAL TIME 1.73567E+08 2.89278E+06  48213.      2008.9      5.5000    


end timestep


start timestep kper="6" kstp="3" mode="normal"



  VOLUME BUDGET FOR ENTIRE MODEL AT END OF TIME STEP    3, STRESS PERIOD   6
  ---------------------------------------------------------------------------------------------------

     CUMULATIVE VOLUME      L**3       RATES FOR THIS TIME STEP      L**3/T          PACKAGE NAME    
     ------------------                 ------------------------                     ----------------

           IN:                                      IN:
           ---                                      ---
              STO-SS =     7600724.5891                STO-SS =        2533.2614     STORAGE                          
              STO-SY =     9463677.9956                STO-SY =        7267.8833     STORAGE                          
                 WEL =           0.0000                   WEL =           0.0000     AG_PUMP                          
                 GHB =           0.0000                   GHB =           0.0000     GHB_FAULTS                       
                 RCH =     4822906.8027                   RCH =        2296.4172     SB_RCH                           
                 EVT =           0.0000                   EVT =           0.0000     LAKE_EVT                         

            TOTAL IN =    21887309.3874              TOTAL IN =       12097.5620

          OUT:                                     OUT:
          ----                                     ----
              STO-SS =           0.0000                STO-SS =           0.0000     STORAGE                          
              STO-SY =           0.0000                STO-SY =           0.0000     STORAGE                          
                 WEL =    17129561.7512                   WEL =        9873.2625     AG_PUMP                          
                 GHB =      193459.5517                   GHB =          79.7726     GHB_FAULTS                       
                 RCH =           0.0000                   RCH =           0.0000     SB_RCH                           
                 EVT =     4562173.1450                   EVT =        2147.2168     LAKE_EVT                         

           TOTAL OUT =    21885194.4479             TOTAL OUT =       12100.2519

            IN - OUT =        2114.9394              IN - OUT =          -2.6900

 PERCENT DISCREPANCY =           0.01     PERCENT DISCREPANCY =          -0.02




         TIME SUMMARY AT END OF TIME STEP    3 IN STRESS PERIOD    6
                    SECONDS     MINUTES      HOURS       DAYS        YEARS
                    -----------------------------------------------------------
   TIME STEP LENGTH 7.88940E+06 1.31490E+05  2191.5      91.312     0.25000    
 STRESS PERIOD TIME 2.36682E+07 3.94470E+05  6574.5      273.94     0.75000    
         TOTAL TIME 1.81456E+08 3.02427E+06  50404.      2100.2      5.7500    


end timestep


start timestep kper="6" kstp="4" mode="normal"

 UBDSV1 SAVING           STO-SS ON UNIT   1024 AT TIME STEP      4, STRESS PERIOD      6
 UBDSV1 SAVING           STO-SY ON UNIT   1024 AT TIME STEP      4, STRESS PERIOD      6
 UBDSV1 SAVING     FLOW-JA-FACE ON UNIT   1024 AT TIME STEP      4, STRESS PERIOD      6
 UBDSV06 SAVING       DATA-SPDIS IN MODEL LV_SIMPLE        PACKAGE NPF             CONNECTED TO MODEL LV_SIMPLE        PACKAGE NPF              ON UNIT   1024 AT TIME STEP      4, STRESS PERIOD      6
 UBDSV06 SAVING              WEL IN MODEL LV_SIMPLE        PACKAGE LV_SIMPLE       CONNECTED TO MODEL LV_SIMPLE        PACKAGE AG_PUMP          ON UNIT   1024 AT TIME STEP      4, STRESS PERIOD      6
 UBDSV06 SAVING              GHB IN MODEL LV_SIMPLE        PACKAGE LV_SIMPLE       CONNECTED TO MODEL LV_SIMPLE        PACKAGE GHB_FAULTS       ON UNIT   1024 AT TIME STEP      4, STRESS PERIOD      6
 UBDSV06 SAVING              RCH IN MODEL LV_SIMPLE        PACKAGE LV_SIMPLE       CONNECTED TO MODEL LV_SIMPLE        PACKAGE SB_RCH           ON UNIT   1024 AT TIME STEP      4, STRESS PERIOD      6
 UBDSV06 SAVING              EVT IN MODEL LV_SIMPLE        PACKAGE LV_SIMPLE       CONNECTED TO MODEL LV_SIMPLE        PACKAGE LAKE_EVT         ON UNIT   1024 AT TIME STEP      4, STRESS PERIOD      6

 HEAD WILL BE SAVED ON UNIT 1025 AT END OF TIME STEP    4, STRESS PERIOD    6


  VOLUME BUDGET FOR ENTIRE MODEL AT END OF TIME STEP    4, STRESS PERIOD   6
  ---------------------------------------------------------------------------------------------------

     CUMULATIVE VOLUME      L**3       RATES FOR THIS TIME STEP      L**3/T          PACKAGE NAME    
     ------------------                 ------------------------                     ----------------

           IN:                                      IN:
           ---                                      ---
              STO-SS =     7825077.2945                STO-SS =        2456.9769     STORAGE                          
              STO-SY =    10134846.1377                STO-SY =        7350.2329     STORAGE                          
                 WEL =           0.0000                   WEL =           0.0000     AG_PUMP                          
                 GHB =           0.0000                   GHB =           0.0000     GHB_FAULTS                       
                 RCH =     5032598.4028                   RCH =        2296.4172     SB_RCH                           
                 EVT =           0.0000                   EVT =           0.0000     LAKE_EVT                         

            TOTAL IN =    22992521.8350              TOTAL IN =       12103.6271

          OUT:                                     OUT:
          ----                                     ----
              STO-SS =           0.0000                STO-SS =           0.0000     STORAGE                          
              STO-SY =           0.0000                STO-SY =           0.0000     STORAGE                          
                 WEL =    18031114.0354                   WEL =        9873.2625     AG_PUMP                          
                 GHB =      200668.5663                   GHB =          78.9488     GHB_FAULTS                       
                 RCH =           0.0000                   RCH =           0.0000     SB_RCH                           
                 EVT =     4758240.8789                   EVT =        2147.2168     LAKE_EVT                         

           TOTAL OUT =    22990023.4806             TOTAL OUT =       12099.4281

            IN - OUT =        2498.3544              IN - OUT =           4.1989

 PERCENT DISCREPANCY =           0.01     PERCENT DISCREPANCY =           0.03




         TIME SUMMARY AT END OF TIME STEP    4 IN STRESS PERIOD    6
                    SECONDS     MINUTES      HOURS       DAYS        YEARS
                    -----------------------------------------------------------
   TIME STEP LENGTH 7.88940E+06 1.31490E+05  2191.5      91.312     0.25000    
 STRESS PERIOD TIME 3.15576E+07 5.25960E+05  8766.0      365.25      1.0000    
         TOTAL TIME 1.89346E+08 3.15576E+06  52596.      2191.5      6.0000    


end timestep


start timestep kper="7" kstp="1" mode="normal"


 REUSING HFBS FROM LAST STRESS PERIOD

 BEGIN READING OUTPUT CONTROL FOR STRESS PERIOD 7
      THE LAST TIME STEP WILL BE SAVED
      THE LAST TIME STEP WILL BE SAVED
      ALL TIME STEPS WILL BE PRINTED

 END READING OUTPUT CONTROL FOR STRESS PERIOD 7


  VOLUME BUDGET FOR ENTIRE MODEL AT END OF TIME STEP    1, STRESS PERIOD   7
  ---------------------------------------------------------------------------------------------------

     CUMULATIVE VOLUME      L**3       RATES FOR THIS TIME STEP      L**3/T          PACKAGE NAME    
     ------------------                 ------------------------                     ----------------

           IN:                                      IN:
           ---                                      ---
              STO-SS =     8048680.6142                STO-SS =        2448.7701     STORAGE                          
              STO-SY =    10813768.9112                STO-SY =        7435.1570     STORAGE                          
                 WEL =           0.0000                   WEL =           0.0000     AG_PUMP                          
                 GHB =           0.0000                   GHB =           0.0000     GHB_FAULTS                       
                 RCH =     5242290.0029                   RCH =        2296.4172     SB_RCH                           
                 EVT =           0.0000                   EVT =           0.0000     LAKE_EVT                         

            TOTAL IN =    24104739.5283              TOTAL IN =       12180.3443

          OUT:                                     OUT:
          ----                                     ----
              STO-SS =           0.0000                STO-SS =           0.0000     STORAGE                          
              STO-SY =           0.0000                STO-SY =           0.0000     STORAGE                          
                 WEL =    18932664.4268                   WEL =        9873.2418     AG_PUMP                          
                 GHB =      207802.7634                   GHB =          78.1295     GHB_FAULTS                       
                 RCH =           0.0000                   RCH =           0.0000     SB_RCH                           
                 EVT =     4961857.2689                   EVT =        2229.8852     LAKE_EVT                         

           TOTAL OUT =    24102324.4590             TOTAL OUT =       12181.2564

            IN - OUT =        2415.0693              IN - OUT =          -0.9121

 PERCENT DISCREPANCY =           0.01     PERCENT DISCREPANCY =          -0.01




         TIME SUMMARY AT END OF TIME STEP    1 IN STRESS PERIOD    7
                    SECONDS     MINUTES      HOURS       DAYS        YEARS
                    -----------------------------------------------------------
   TIME STEP LENGTH 7.88940E+06 1.31490E+05  2191.5      91.312     0.25000    
 STRESS PERIOD TIME 7.88940E+06 1.31490E+05  2191.5      91.312     0.25000    
         TOTAL TIME 1.97235E+08 3.28725E+06  54788.      2282.8      6.2500    


end timestep


start timestep kper="7" kstp="2" mode="normal"



  VOLUME BUDGET FOR ENTIRE MODEL AT END OF TIME STEP    2, STRESS PERIOD   7
  ---------------------------------------------------------------------------------------------------

     CUMULATIVE VOLUME      L**3       RATES FOR THIS TIME STEP      L**3/T          PACKAGE NAME    
     ------------------                 ------------------------                     ----------------

           IN:                                      IN:
           ---                                      ---
              STO-SS =     8266158.0341                STO-SS =        2381.6829     STORAGE                          
              STO-SY =    11498806.3324                STO-SY =        7502.1210     STORAGE                          
                 WEL =           0.0000                   WEL =           0.0000     AG_PUMP                          
                 GHB =           0.0000                   GHB =           0.0000     GHB_FAULTS                       
                 RCH =     5451981.6031                   RCH =        2296.4172     SB_RCH                           
                 EVT =           0.0000                   EVT =           0.0000     LAKE_EVT                         

            TOTAL IN =    25216945.9695              TOTAL IN =       12180.2211

          OUT:                                     OUT:
          ----                                     ----
              STO-SS =           0.0000                STO-SS =           0.0000     STORAGE                          
              STO-SY =           0.0000                STO-SY =           0.0000     STORAGE                          
                 WEL =    19834214.8181                   WEL =        9873.2418     AG_PUMP                          
                 GHB =      214863.3558                   GHB =          77.3234     GHB_FAULTS                       
                 RCH =           0.0000                   RCH =           0.0000     SB_RCH                           
                 EVT =     5165473.6589                   EVT =        2229.8852     LAKE_EVT                         

           TOTAL OUT =    25214551.8328             TOTAL OUT =       12180.4504

            IN - OUT =        2394.1367              IN - OUT =          -0.2292

 PERCENT DISCREPANCY =           0.01     PERCENT DISCREPANCY =          -0.00




         TIME SUMMARY AT END OF TIME STEP    2 IN STRESS PERIOD    7
                    SECONDS     MINUTES      HOURS       DAYS        YEARS
                    -----------------------------------------------------------
   TIME STEP LENGTH 7.88940E+06 1.31490E+05  2191.5      91.312     0.25000    
 STRESS PERIOD TIME 1.57788E+07 2.62980E+05  4383.0      182.62     0.50000    
         TOTAL TIME 2.05124E+08 3.41874E+06  56979.      2374.1      6.5000    


end timestep


start timestep kper="7" kstp="3" mode="normal"



  VOLUME BUDGET FOR ENTIRE MODEL AT END OF TIME STEP    3, STRESS PERIOD   7
  ---------------------------------------------------------------------------------------------------

     CUMULATIVE VOLUME      L**3       RATES FOR THIS TIME STEP      L**3/T          PACKAGE NAME    
     ------------------                 ------------------------                     ----------------

           IN:                                      IN:
           ---                                      ---
              STO-SS =     8478240.7840                STO-SS =        2322.6037     STORAGE                          
              STO-SY =    12189065.5388                STO-SY =        7559.3068     STORAGE                          
                 WEL =           0.0000                   WEL =           0.0000     AG_PUMP                          
                 GHB =           0.0000                   GHB =           0.0000     GHB_FAULTS                       
                 RCH =     5661673.2032                   RCH =        2296.4172     SB_RCH                           
                 EVT =           0.0000                   EVT =           0.0000     LAKE_EVT                         

            TOTAL IN =    26328979.5260              TOTAL IN =       12178.3278

          OUT:                                     OUT:
          ----                                     ----
              STO-SS =           0.0000                STO-SS =           0.0000     STORAGE                          
              STO-SY =           0.0000                STO-SY =           0.0000     STORAGE                          
                 WEL =    20735765.2095                   WEL =        9873.2418     AG_PUMP                          
                 GHB =      221851.4786                   GHB =          76.5297     GHB_FAULTS                       
                 RCH =           0.0000                   RCH =           0.0000     SB_RCH                           
                 EVT =     5369090.0489                   EVT =        2229.8852     LAKE_EVT                         

           TOTAL OUT =    26326706.7369             TOTAL OUT =       12179.6567

            IN - OUT =        2272.7891              IN - OUT =          -1.3289

 PERCENT DISCREPANCY =           0.01     PERCENT DISCREPANCY =          -0.01




         TIME SUMMARY AT END OF TIME STEP    3 IN STRESS PERIOD    7
                    SECONDS     MINUTES      HOURS       DAYS        YEARS
                    -----------------------------------------------------------
   TIME STEP LENGTH 7.88940E+06 1.31490E+05  2191.5      91.312     0.25000    
 STRESS PERIOD TIME 2.36682E+07 3.94470E+05  6574.5      273.94     0.75000    
         TOTAL TIME 2.13014E+08 3.55023E+06  59170.      2465.4      6.7500    


end timestep


start timestep kper="7" kstp="4" mode="normal"

 UBDSV1 SAVING           STO-SS ON UNIT   1024 AT TIME STEP      4, STRESS PERIOD      7
 UBDSV1 SAVING           STO-SY ON UNIT   1024 AT TIME STEP      4, STRESS PERIOD      7
 UBDSV1 SAVING     FLOW-JA-FACE ON UNIT   1024 AT TIME STEP      4, STRESS PERIOD      7
 UBDSV06 SAVING       DATA-SPDIS IN MODEL LV_SIMPLE        PACKAGE NPF             CONNECTED TO MODEL LV_SIMPLE        PACKAGE NPF              ON UNIT   1024 AT TIME STEP      4, STRESS PERIOD      7
 UBDSV06 SAVING              WEL IN MODEL LV_SIMPLE        PACKAGE LV_SIMPLE       CONNECTED TO MODEL LV_SIMPLE        PACKAGE AG_PUMP          ON UNIT   1024 AT TIME STEP      4, STRESS PERIOD      7
 UBDSV06 SAVING              GHB IN MODEL LV_SIMPLE        PACKAGE LV_SIMPLE       CONNECTED TO MODEL LV_SIMPLE        PACKAGE GHB_FAULTS       ON UNIT   1024 AT TIME STEP      4, STRESS PERIOD      7
 UBDSV06 SAVING              RCH IN MODEL LV_SIMPLE        PACKAGE LV_SIMPLE       CONNECTED TO MODEL LV_SIMPLE        PACKAGE SB_RCH           ON UNIT   1024 AT TIME STEP      4, STRESS PERIOD      7
 UBDSV06 SAVING              EVT IN MODEL LV_SIMPLE        PACKAGE LV_SIMPLE       CONNECTED TO MODEL LV_SIMPLE        PACKAGE LAKE_EVT         ON UNIT   1024 AT TIME STEP      4, STRESS PERIOD      7

 HEAD WILL BE SAVED ON UNIT 1025 AT END OF TIME STEP    4, STRESS PERIOD    7


  VOLUME BUDGET FOR ENTIRE MODEL AT END OF TIME STEP    4, STRESS PERIOD   7
  ---------------------------------------------------------------------------------------------------

     CUMULATIVE VOLUME      L**3       RATES FOR THIS TIME STEP      L**3/T          PACKAGE NAME    
     ------------------                 ------------------------                     ----------------

           IN:                                      IN:
           ---                                      ---
              STO-SS =     8685297.5287                STO-SS =        2267.5619     STORAGE                          
              STO-SY =    12884739.8207                STO-SY =        7618.6095     STORAGE                          
                 WEL =           0.0000                   WEL =           0.0000     AG_PUMP                          
                 GHB =           0.0000                   GHB =           0.0000     GHB_FAULTS                       
                 RCH =     5871364.8033                   RCH =        2296.4172     SB_RCH                           
                 EVT =           0.0000                   EVT =           0.0000     LAKE_EVT                         

            TOTAL IN =    27441402.1528              TOTAL IN =       12182.5887

          OUT:                                     OUT:
          ----                                     ----
              STO-SS =           0.0000                STO-SS =           0.0000     STORAGE                          
              STO-SY =           0.0000                STO-SY =           0.0000     STORAGE                          
                 WEL =    21637315.6009                   WEL =        9873.2418     AG_PUMP                          
                 GHB =      228768.3969                   GHB =          75.7500     GHB_FAULTS                       
                 RCH =           0.0000                   RCH =           0.0000     SB_RCH                           
                 EVT =     5572706.4388                   EVT =        2229.8852     LAKE_EVT                         

           TOTAL OUT =    27438790.4366             TOTAL OUT =       12178.8769

            IN - OUT =        2611.7162              IN - OUT =           3.7117

 PERCENT DISCREPANCY =           0.01     PERCENT DISCREPANCY =           0.03




         TIME SUMMARY AT END OF TIME STEP    4 IN STRESS PERIOD    7
                    SECONDS     MINUTES      HOURS       DAYS        YEARS
                    -----------------------------------------------------------
   TIME STEP LENGTH 7.88940E+06 1.31490E+05  2191.5      91.312     0.25000    
 STRESS PERIOD TIME 3.15576E+07 5.25960E+05  8766.0      365.25      1.0000    
         TOTAL TIME 2.20903E+08 3.68172E+06  61362.      2556.8      7.0000    


end timestep


start timestep kper="8" kstp="1" mode="normal"


 REUSING HFBS FROM LAST STRESS PERIOD

 BEGIN READING OUTPUT CONTROL FOR STRESS PERIOD 8
      THE LAST TIME STEP WILL BE SAVED
      THE LAST TIME STEP WILL BE SAVED
      ALL TIME STEPS WILL BE PRINTED

 END READING OUTPUT CONTROL FOR STRESS PERIOD 8


  VOLUME BUDGET FOR ENTIRE MODEL AT END OF TIME STEP    1, STRESS PERIOD   8
  ---------------------------------------------------------------------------------------------------

     CUMULATIVE VOLUME      L**3       RATES FOR THIS TIME STEP      L**3/T          PACKAGE NAME    
     ------------------                 ------------------------                     ----------------

           IN:                                      IN:
           ---                                      ---
              STO-SS =    10115816.2411                STO-SS =       15666.1871     STORAGE                          
              STO-SY =    13910433.2434                STO-SY =       11232.7822     STORAGE                          
                 WEL =           0.0000                   WEL =           0.0000     AG_PUMP                          
                 GHB =           0.0000                   GHB =           0.0000     GHB_FAULTS                       
                 RCH =     6081056.4034                   RCH =        2296.4172     SB_RCH                           
                 EVT =           0.0000                   EVT =           0.0000     LAKE_EVT                         

            TOTAL IN =    30107305.8879              TOTAL IN =       29195.3866

          OUT:                                     OUT:
          ----                                     ----
              STO-SS =           0.0000                STO-SS =           0.0000     STORAGE                          
              STO-SY =           0.0000                STO-SY =           0.0000     STORAGE                          
                 WEL =    24093059.0587                   WEL =       26893.8366     AG_PUMP                          
                 GHB =      235289.0654                   GHB =          71.4105     GHB_FAULTS                       
                 RCH =           0.0000                   RCH =           0.0000     SB_RCH                           
                 EVT =     5775599.6731                   EVT =        2221.9656     LAKE_EVT                         

           TOTAL OUT =    30103947.7973             TOTAL OUT =       29187.2127

            IN - OUT =        3358.0906              IN - OUT =           8.1738

 PERCENT DISCREPANCY =           0.01     PERCENT DISCREPANCY =           0.03




         TIME SUMMARY AT END OF TIME STEP    1 IN STRESS PERIOD    8
                    SECONDS     MINUTES      HOURS       DAYS        YEARS
                    -----------------------------------------------------------
   TIME STEP LENGTH 7.88940E+06 1.31490E+05  2191.5      91.312     0.25000    
 STRESS PERIOD TIME 7.88940E+06 1.31490E+05  2191.5      91.312     0.25000    
         TOTAL TIME 2.28793E+08 3.81321E+06  63554.      2648.1      7.2500    


end timestep


start timestep kper="8" kstp="2" mode="normal"



  VOLUME BUDGET FOR ENTIRE MODEL AT END OF TIME STEP    2, STRESS PERIOD   8
  ---------------------------------------------------------------------------------------------------

     CUMULATIVE VOLUME      L**3       RATES FOR THIS TIME STEP      L**3/T          PACKAGE NAME    
     ------------------                 ------------------------                     ----------------

           IN:                                      IN:
           ---                                      ---
              STO-SS =    11284326.1122                STO-SS =       12796.8227     STORAGE                          
              STO-SY =    15197424.3777                STO-SY =       14094.3588     STORAGE                          
                 WEL =           0.0000                   WEL =           0.0000     AG_PUMP                          
                 GHB =       9.2370E-02                   GHB =       1.0116E-03     GHB_FAULTS                       
                 RCH =     6290748.0035                   RCH =        2296.4172     SB_RCH                           
                 EVT =           0.0000                   EVT =           0.0000     LAKE_EVT                         

            TOTAL IN =    32772498.5857              TOTAL IN =       29187.5997

          OUT:                                     OUT:
          ----                                     ----
              STO-SS =           0.0000                STO-SS =           0.0000     STORAGE                          
              STO-SY =           0.0000                STO-SY =           0.0000     STORAGE                          
                 WEL =    26548802.5165                   WEL =       26893.8366     AG_PUMP                          
                 GHB =      241464.7044                   GHB =          67.6319     GHB_FAULTS                       
                 RCH =           0.0000                   RCH =           0.0000     SB_RCH                           
                 EVT =     5978492.9074                   EVT =        2221.9656     LAKE_EVT                         

           TOTAL OUT =    32768760.1284             TOTAL OUT =       29183.4342

            IN - OUT =        3738.4574              IN - OUT =           4.1655

 PERCENT DISCREPANCY =           0.01     PERCENT DISCREPANCY =           0.01




         TIME SUMMARY AT END OF TIME STEP    2 IN STRESS PERIOD    8
                    SECONDS     MINUTES      HOURS       DAYS        YEARS
                    -----------------------------------------------------------
   TIME STEP LENGTH 7.88940E+06 1.31490E+05  2191.5      91.312     0.25000    
 STRESS PERIOD TIME 1.57788E+07 2.62980E+05  4383.0      182.62     0.50000    
         TOTAL TIME 2.36682E+08 3.94470E+06  65745.      2739.4      7.5000    


end timestep


start timestep kper="8" kstp="3" mode="normal"



  VOLUME BUDGET FOR ENTIRE MODEL AT END OF TIME STEP    3, STRESS PERIOD   8
  ---------------------------------------------------------------------------------------------------

     CUMULATIVE VOLUME      L**3       RATES FOR THIS TIME STEP      L**3/T          PACKAGE NAME    
     ------------------                 ------------------------                     ----------------

           IN:                                      IN:
           ---                                      ---
              STO-SS =    12263614.2598                STO-SS =       10724.5793     STORAGE                          
              STO-SY =    16673534.7596                STO-SY =       16165.4799     STORAGE                          
                 WEL =           0.0000                   WEL =           0.0000     AG_PUMP                          
                 GHB =          60.9741                   GHB =           0.6667     GHB_FAULTS                       
                 RCH =     6500439.6037                   RCH =        2296.4172     SB_RCH                           
                 EVT =           0.0000                   EVT =           0.0000     LAKE_EVT                         

            TOTAL IN =    35437649.5971              TOTAL IN =       29187.1432

          OUT:                                     OUT:
          ----                                     ----
              STO-SS =           0.0000                STO-SS =           0.0000     STORAGE                          
              STO-SY =           0.0000                STO-SY =           0.0000     STORAGE                          
                 WEL =    29004545.9744                   WEL =       26893.8366     AG_PUMP                          
                 GHB =      247415.6212                   GHB =          65.1709     GHB_FAULTS                       
                 RCH =           0.0000                   RCH =           0.0000     SB_RCH                           
                 EVT =     6181386.1417                   EVT =        2221.9656     LAKE_EVT                         

           TOTAL OUT =    35433347.7373             TOTAL OUT =       29180.9731

            IN - OUT =        4301.8598              IN - OUT =           6.1700

 PERCENT DISCREPANCY =           0.01     PERCENT DISCREPANCY =           0.02




         TIME SUMMARY AT END OF TIME STEP    3 IN STRESS PERIOD    8
                    SECONDS     MINUTES      HOURS       DAYS        YEARS
                    -----------------------------------------------------------
   TIME STEP LENGTH 7.88940E+06 1.31490E+05  2191.5      91.312     0.25000    
 STRESS PERIOD TIME 2.36682E+07 3.94470E+05  6574.5      273.94     0.75000    
         TOTAL TIME 2.44571E+08 4.07619E+06  67936.      2830.7      7.7500    


end timestep


start timestep kper="8" kstp="4" mode="normal"

 UBDSV1 SAVING           STO-SS ON UNIT   1024 AT TIME STEP      4, STRESS PERIOD      8
 UBDSV1 SAVING           STO-SY ON UNIT   1024 AT TIME STEP      4, STRESS PERIOD      8
 UBDSV1 SAVING     FLOW-JA-FACE ON UNIT   1024 AT TIME STEP      4, STRESS PERIOD      8
 UBDSV06 SAVING       DATA-SPDIS IN MODEL LV_SIMPLE        PACKAGE NPF             CONNECTED TO MODEL LV_SIMPLE        PACKAGE NPF              ON UNIT   1024 AT TIME STEP      4, STRESS PERIOD      8
 UBDSV06 SAVING              WEL IN MODEL LV_SIMPLE        PACKAGE LV_SIMPLE       CONNECTED TO MODEL LV_SIMPLE        PACKAGE AG_PUMP          ON UNIT   1024 AT TIME STEP      4, STRESS PERIOD      8
 UBDSV06 SAVING              GHB IN MODEL LV_SIMPLE        PACKAGE LV_SIMPLE       CONNECTED TO MODEL LV_SIMPLE        PACKAGE GHB_FAULTS       ON UNIT   1024 AT TIME STEP      4, STRESS PERIOD      8
 UBDSV06 SAVING              RCH IN MODEL LV_SIMPLE        PACKAGE LV_SIMPLE       CONNECTED TO MODEL LV_SIMPLE        PACKAGE SB_RCH           ON UNIT   1024 AT TIME STEP      4, STRESS PERIOD      8
 UBDSV06 SAVING              EVT IN MODEL LV_SIMPLE        PACKAGE LV_SIMPLE       CONNECTED TO MODEL LV_SIMPLE        PACKAGE LAKE_EVT         ON UNIT   1024 AT TIME STEP      4, STRESS PERIOD      8

 HEAD WILL BE SAVED ON UNIT 1025 AT END OF TIME STEP    4, STRESS PERIOD    8


  VOLUME BUDGET FOR ENTIRE MODEL AT END OF TIME STEP    4, STRESS PERIOD   8
  ---------------------------------------------------------------------------------------------------

     CUMULATIVE VOLUME      L**3       RATES FOR THIS TIME STEP      L**3/T          PACKAGE NAME    
     ------------------                 ------------------------                     ----------------

           IN:                                      IN:
           ---                                      ---
              STO-SS =    13103189.3599                STO-SS =        9194.5254     STORAGE                          
              STO-SY =    18289341.4881                STO-SY =       17695.3509     STORAGE                          
                 WEL =           0.0000                   WEL =           0.0000     AG_PUMP                          
                 GHB =         199.9819                   GHB =           1.5223     GHB_FAULTS                       
                 RCH =     6710131.2038                   RCH =        2296.4172     SB_RCH                           
                 EVT =           0.0000                   EVT =           0.0000     LAKE_EVT                         

            TOTAL IN =    38102862.0336              TOTAL IN =       29187.8159

          OUT:                                     OUT:
          ----                                     ----
              STO-SS =           0.0000                STO-SS =           0.0000     STORAGE                          
              STO-SY =           0.0000                STO-SY =           0.0000     STORAGE                          
                 WEL =    31460289.4322                   WEL =       26893.8366     AG_PUMP                          
                 GHB =      253197.6233                   GHB =          63.3210     GHB_FAULTS                       
                 RCH =           0.0000                   RCH =           0.0000     SB_RCH                           
                 EVT =     6384279.3761                   EVT =        2221.9656     LAKE_EVT                         

           TOTAL OUT =    38097766.4315             TOTAL OUT =       29179.1233

            IN - OUT =        5095.6021              IN - OUT =           8.6926

 PERCENT DISCREPANCY =           0.01     PERCENT DISCREPANCY =           0.03




         TIME SUMMARY AT END OF TIME STEP    4 IN STRESS PERIOD    8
                    SECONDS     MINUTES      HOURS       DAYS        YEARS
                    -----------------------------------------------------------
   TIME STEP LENGTH 7.88940E+06 1.31490E+05  2191.5      91.312     0.25000    
 STRESS PERIOD TIME 3.15576E+07 5.25960E+05  8766.0      365.25      1.0000    
         TOTAL TIME 2.52461E+08 4.20768E+06  70128.      2922.0      8.0000    


end timestep


start timestep kper="9" kstp="1" mode="normal"


 REUSING HFBS FROM LAST STRESS PERIOD

 BEGIN READING OUTPUT CONTROL FOR STRESS PERIOD 9
      THE LAST TIME STEP WILL BE SAVED
      THE LAST TIME STEP WILL BE SAVED
      ALL TIME STEPS WILL BE PRINTED

 END READING OUTPUT CONTROL FOR STRESS PERIOD 9


  VOLUME BUDGET FOR ENTIRE MODEL AT END OF TIME STEP    1, STRESS PERIOD   9
  ---------------------------------------------------------------------------------------------------

     CUMULATIVE VOLUME      L**3       RATES FOR THIS TIME STEP      L**3/T          PACKAGE NAME    
     ------------------                 ------------------------                     ----------------

           IN:                                      IN:
           ---                                      ---
              STO-SS =    13828375.5413                STO-SS =        7941.8062     STORAGE                          
              STO-SY =    20020612.4930                STO-SY =       18959.8467     STORAGE                          
                 WEL =           0.0000                   WEL =           0.0000     AG_PUMP                          
                 GHB =         411.1925                   GHB =           2.3131     GHB_FAULTS                       
                 RCH =     6919822.8039                   RCH =        2296.4172     SB_RCH                           
                 EVT =           0.0000                   EVT =           0.0000     LAKE_EVT                         

            TOTAL IN =    40769222.0306              TOTAL IN =       29200.3833

          OUT:                                     OUT:
          ----                                     ----
              STO-SS =           0.0000                STO-SS =           0.0000     STORAGE                          
              STO-SY =           0.0000                STO-SY =           0.0000     STORAGE                          
                 WEL =    33916015.8967                   WEL =       26893.6505     AG_PUMP                          
                 GHB =      258834.8392                   GHB =          61.7354     GHB_FAULTS                       
                 RCH =           0.0000                   RCH =           0.0000     SB_RCH                           
                 EVT =     6588834.5007                   EVT =        2240.1656     LAKE_EVT                         

           TOTAL OUT =    40763685.2367             TOTAL OUT =       29195.5516

            IN - OUT =        5536.7940              IN - OUT =           4.8317

 PERCENT DISCREPANCY =           0.01     PERCENT DISCREPANCY =           0.02




         TIME SUMMARY AT END OF TIME STEP    1 IN STRESS PERIOD    9
                    SECONDS     MINUTES      HOURS       DAYS        YEARS
                    -----------------------------------------------------------
   TIME STEP LENGTH 7.88940E+06 1.31490E+05  2191.5      91.312     0.25000    
 STRESS PERIOD TIME 7.88940E+06 1.31490E+05  2191.5      91.312     0.25000    
         TOTAL TIME 2.60350E+08 4.33917E+06  72320.      3013.3      8.2500    


end timestep


start timestep kper="9" kstp="2" mode="normal"



  VOLUME BUDGET FOR ENTIRE MODEL AT END OF TIME STEP    2, STRESS PERIOD   9
  ---------------------------------------------------------------------------------------------------

     CUMULATIVE VOLUME      L**3       RATES FOR THIS TIME STEP      L**3/T          PACKAGE NAME    
     ------------------                 ------------------------                     ----------------

           IN:                                      IN:
           ---                                      ---
              STO-SS =    14457227.8386                STO-SS =        6886.8150     STORAGE                          
              STO-SY =    21847997.6037                STO-SY =       20012.4311     STORAGE                          
                 WEL =           0.0000                   WEL =           0.0000     AG_PUMP                          
                 GHB =         689.1588                   GHB =           3.0441     GHB_FAULTS                       
                 RCH =     7129514.4040                   RCH =        2296.4172     SB_RCH                           
                 EVT =           0.0000                   EVT =           0.0000     LAKE_EVT                         

            TOTAL IN =    43435429.0051              TOTAL IN =       29198.7075

          OUT:                                     OUT:
          ----                                     ----
              STO-SS =           0.0000                STO-SS =           0.0000     STORAGE                          
              STO-SY =           0.0000                STO-SY =           0.0000     STORAGE                          
                 WEL =    36371742.3612                   WEL =       26893.6505     AG_PUMP                          
                 GHB =      264347.5173                   GHB =          60.3716     GHB_FAULTS                       
                 RCH =           0.0000                   RCH =           0.0000     SB_RCH                           
                 EVT =     6793389.6254                   EVT =        2240.1656     LAKE_EVT                         

           TOTAL OUT =    43429479.5039             TOTAL OUT =       29194.1877

            IN - OUT =        5949.5012              IN - OUT =           4.5197

 PERCENT DISCREPANCY =           0.01     PERCENT DISCREPANCY =           0.02




         TIME SUMMARY AT END OF TIME STEP    2 IN STRESS PERIOD    9
                    SECONDS     MINUTES      HOURS       DAYS        YEARS
                    -----------------------------------------------------------
   TIME STEP LENGTH 7.88940E+06 1.31490E+05  2191.5      91.312     0.25000    
 STRESS PERIOD TIME 1.57788E+07 2.62980E+05  4383.0      182.62     0.50000    
         TOTAL TIME 2.68240E+08 4.47066E+06  74511.      3104.6      8.5000    


end timestep


start timestep kper="9" kstp="3" mode="normal"



  VOLUME BUDGET FOR ENTIRE MODEL AT END OF TIME STEP    3, STRESS PERIOD   9
  ---------------------------------------------------------------------------------------------------

     CUMULATIVE VOLUME      L**3       RATES FOR THIS TIME STEP      L**3/T          PACKAGE NAME    
     ------------------                 ------------------------                     ----------------

           IN:                                      IN:
           ---                                      ---
              STO-SS =    15023184.0416                STO-SS =        6198.0145     STORAGE                          
              STO-SY =    23738685.1072                STO-SY =       20705.6811     STORAGE                          
                 WEL =           0.0000                   WEL =           0.0000     AG_PUMP                          
                 GHB =        1029.0596                   GHB =           3.7224     GHB_FAULTS                       
                 RCH =     7339206.0041                   RCH =        2296.4172     SB_RCH                           
                 EVT =           0.0000                   EVT =           0.0000     LAKE_EVT                         

            TOTAL IN =    46102104.2125              TOTAL IN =       29203.8353

          OUT:                                     OUT:
          ----                                     ----
              STO-SS =           0.0000                STO-SS =           0.0000     STORAGE                          
              STO-SY =           0.0000                STO-SY =           0.0000     STORAGE                          
                 WEL =    38827468.8257                   WEL =       26893.6505     AG_PUMP                          
                 GHB =      269752.9157                   GHB =          59.1967     GHB_FAULTS                       
                 RCH =           0.0000                   RCH =           0.0000     SB_RCH                           
                 EVT =     6997944.7501                   EVT =        2240.1656     LAKE_EVT                         

           TOTAL OUT =    46095166.4915             TOTAL OUT =       29193.0129

            IN - OUT =        6937.7210              IN - OUT =          10.8224

 PERCENT DISCREPANCY =           0.02     PERCENT DISCREPANCY =           0.04




         TIME SUMMARY AT END OF TIME STEP    3 IN STRESS PERIOD    9
                    SECONDS     MINUTES      HOURS       DAYS        YEARS
                    -----------------------------------------------------------
   TIME STEP LENGTH 7.88940E+06 1.31490E+05  2191.5      91.312     0.25000    
 STRESS PERIOD TIME 2.36682E+07 3.94470E+05  6574.5      273.94     0.75000    
         TOTAL TIME 2.76129E+08 4.60215E+06  76702.      3195.9      8.7500    


end timestep


start timestep kper="9" kstp="4" mode="normal"

 UBDSV1 SAVING           STO-SS ON UNIT   1024 AT TIME STEP      4, STRESS PERIOD      9
 UBDSV1 SAVING           STO-SY ON UNIT   1024 AT TIME STEP      4, STRESS PERIOD      9
 UBDSV1 SAVING     FLOW-JA-FACE ON UNIT   1024 AT TIME STEP      4, STRESS PERIOD      9
 UBDSV06 SAVING       DATA-SPDIS IN MODEL LV_SIMPLE        PACKAGE NPF             CONNECTED TO MODEL LV_SIMPLE        PACKAGE NPF              ON UNIT   1024 AT TIME STEP      4, STRESS PERIOD      9
 UBDSV06 SAVING              WEL IN MODEL LV_SIMPLE        PACKAGE LV_SIMPLE       CONNECTED TO MODEL LV_SIMPLE        PACKAGE AG_PUMP          ON UNIT   1024 AT TIME STEP      4, STRESS PERIOD      9
 UBDSV06 SAVING              GHB IN MODEL LV_SIMPLE        PACKAGE LV_SIMPLE       CONNECTED TO MODEL LV_SIMPLE        PACKAGE GHB_FAULTS       ON UNIT   1024 AT TIME STEP      4, STRESS PERIOD      9
 UBDSV06 SAVING              RCH IN MODEL LV_SIMPLE        PACKAGE LV_SIMPLE       CONNECTED TO MODEL LV_SIMPLE        PACKAGE SB_RCH           ON UNIT   1024 AT TIME STEP      4, STRESS PERIOD      9
 UBDSV06 SAVING              EVT IN MODEL LV_SIMPLE        PACKAGE LV_SIMPLE       CONNECTED TO MODEL LV_SIMPLE        PACKAGE LAKE_EVT         ON UNIT   1024 AT TIME STEP      4, STRESS PERIOD      9

 HEAD WILL BE SAVED ON UNIT 1025 AT END OF TIME STEP    4, STRESS PERIOD    9


  VOLUME BUDGET FOR ENTIRE MODEL AT END OF TIME STEP    4, STRESS PERIOD   9
  ---------------------------------------------------------------------------------------------------

     CUMULATIVE VOLUME      L**3       RATES FOR THIS TIME STEP      L**3/T          PACKAGE NAME    
     ------------------                 ------------------------                     ----------------

           IN:                                      IN:
           ---                                      ---
              STO-SS =    15543201.5565                STO-SS =        5694.9214     STORAGE                          
              STO-SY =    25674385.5786                STO-SY =       21198.6362     STORAGE                          
                 WEL =           0.0000                   WEL =           0.0000     AG_PUMP                          
                 GHB =        1425.9611                   GHB =           4.3466     GHB_FAULTS                       
                 RCH =     7548897.6042                   RCH =        2296.4172     SB_RCH                           
                 EVT =           0.0000                   EVT =           0.0000     LAKE_EVT                         

            TOTAL IN =    48767910.7005              TOTAL IN =       29194.3216

          OUT:                                     OUT:
          ----                                     ----
              STO-SS =           0.0000                STO-SS =           0.0000     STORAGE                          
              STO-SY =           0.0000                STO-SY =           0.0000     STORAGE                          
                 WEL =    41283195.2902                   WEL =       26893.6505     AG_PUMP                          
                 GHB =      275056.5622                   GHB =          58.0824     GHB_FAULTS                       
                 RCH =           0.0000                   RCH =           0.0000     SB_RCH                           
                 EVT =     7202499.8748                   EVT =        2240.1656     LAKE_EVT                         

           TOTAL OUT =    48760751.7273             TOTAL OUT =       29191.8985

            IN - OUT =        7158.9732              IN - OUT =           2.4230

 PERCENT DISCREPANCY =           0.01     PERCENT DISCREPANCY =           0.01




         TIME SUMMARY AT END OF TIME STEP    4 IN STRESS PERIOD    9
                    SECONDS     MINUTES      HOURS       DAYS        YEARS
                    -----------------------------------------------------------
   TIME STEP LENGTH 7.88940E+06 1.31490E+05  2191.5      91.312     0.25000    
 STRESS PERIOD TIME 3.15576E+07 5.25960E+05  8766.0      365.25      1.0000    
         TOTAL TIME 2.84018E+08 4.73364E+06  78894.      3287.2      9.0000    


end timestep


start timestep kper="10" kstp="1" mode="normal"


 REUSING HFBS FROM LAST STRESS PERIOD

 BEGIN READING OUTPUT CONTROL FOR STRESS PERIOD 10
      THE LAST TIME STEP WILL BE SAVED
      THE LAST TIME STEP WILL BE SAVED
      ALL TIME STEPS WILL BE PRINTED

 END READING OUTPUT CONTROL FOR STRESS PERIOD 10

 CELL CONVERSIONS FOR ITER.=2  STEP=1  PERIOD=10   (NODE or LRC)
     DRY           (1,30,22)


  VOLUME BUDGET FOR ENTIRE MODEL AT END OF TIME STEP    1, STRESS PERIOD  10
  ---------------------------------------------------------------------------------------------------

     CUMULATIVE VOLUME      L**3       RATES FOR THIS TIME STEP      L**3/T          PACKAGE NAME    
     ------------------                 ------------------------                     ----------------

           IN:                                      IN:
           ---                                      ---
              STO-SS =    16015703.8771                STO-SS =        5174.5634     STORAGE                          
              STO-SY =    27649886.4056                STO-SY =       21634.5060     STORAGE                          
                 WEL =           0.0000                   WEL =           0.0000     AG_PUMP                          
                 GHB =        1874.5468                   GHB =           4.9126     GHB_FAULTS                       
                 RCH =     7758589.2044                   RCH =        2296.4172     SB_RCH                           
                 EVT =           0.0000                   EVT =           0.0000     LAKE_EVT                         

            TOTAL IN =    51426054.0338              TOTAL IN =       29110.3993

          OUT:                                     OUT:
          ----                                     ----
              STO-SS =           0.0000                STO-SS =           0.0000     STORAGE                          
              STO-SY =           0.0000                STO-SY =           0.0000     STORAGE                          
                 WEL =    43738916.5327                   WEL =       26893.5933     AG_PUMP                          
                 GHB =      280263.8625                   GHB =          57.0272     GHB_FAULTS                       
                 RCH =           0.0000                   RCH =           0.0000     SB_RCH                           
                 EVT =     7399246.2818                   EVT =        2154.6492     LAKE_EVT                         

           TOTAL OUT =    51418426.6769             TOTAL OUT =       29105.2698

            IN - OUT =        7627.3568              IN - OUT =           5.1295

 PERCENT DISCREPANCY =           0.01     PERCENT DISCREPANCY =           0.02




         TIME SUMMARY AT END OF TIME STEP    1 IN STRESS PERIOD   10
                    SECONDS     MINUTES      HOURS       DAYS        YEARS
                    -----------------------------------------------------------
   TIME STEP LENGTH 7.88940E+06 1.31490E+05  2191.5      91.312     0.25000    
 STRESS PERIOD TIME 7.88940E+06 1.31490E+05  2191.5      91.312     0.25000    
         TOTAL TIME 2.91908E+08 4.86513E+06  81086.      3378.6      9.2500    


end timestep


start timestep kper="10" kstp="2" mode="normal"



  VOLUME BUDGET FOR ENTIRE MODEL AT END OF TIME STEP    2, STRESS PERIOD  10
  ---------------------------------------------------------------------------------------------------

     CUMULATIVE VOLUME      L**3       RATES FOR THIS TIME STEP      L**3/T          PACKAGE NAME    
     ------------------                 ------------------------                     ----------------

           IN:                                      IN:
           ---                                      ---
              STO-SS =    16455202.9624                STO-SS =        4813.1317     STORAGE                          
              STO-SY =    29657985.2486                STO-SY =       21991.5000     STORAGE                          
                 WEL =           0.0000                   WEL =           0.0000     AG_PUMP                          
                 GHB =        2370.9109                   GHB =           5.4359     GHB_FAULTS                       
                 RCH =     7968280.8045                   RCH =        2296.4172     SB_RCH                           
                 EVT =           0.0000                   EVT =           0.0000     LAKE_EVT                         

            TOTAL IN =    54083839.9263              TOTAL IN =       29106.4848

          OUT:                                     OUT:
          ----                                     ----
              STO-SS =           0.0000                STO-SS =           0.0000     STORAGE                          
              STO-SY =           0.0000                STO-SY =           0.0000     STORAGE                          
                 WEL =    46194637.7752                   WEL =       26893.5933     AG_PUMP                          
                 GHB =      285380.1780                   GHB =          56.0308     GHB_FAULTS                       
                 RCH =           0.0000                   RCH =           0.0000     SB_RCH                           
                 EVT =     7595992.6887                   EVT =        2154.6492     LAKE_EVT                         

           TOTAL OUT =    54076010.6419             TOTAL OUT =       29104.2734

            IN - OUT =        7829.2844              IN - OUT =           2.2114

 PERCENT DISCREPANCY =           0.01     PERCENT DISCREPANCY =           0.01




         TIME SUMMARY AT END OF TIME STEP    2 IN STRESS PERIOD   10
                    SECONDS     MINUTES      HOURS       DAYS        YEARS
                    -----------------------------------------------------------
   TIME STEP LENGTH 7.88940E+06 1.31490E+05  2191.5      91.312     0.25000    
 STRESS PERIOD TIME 1.57788E+07 2.62980E+05  4383.0      182.62     0.50000    
         TOTAL TIME 2.99797E+08 4.99662E+06  83277.      3469.9      9.5000    


end timestep


start timestep kper="10" kstp="3" mode="normal"



  VOLUME BUDGET FOR ENTIRE MODEL AT END OF TIME STEP    3, STRESS PERIOD  10
  ---------------------------------------------------------------------------------------------------

     CUMULATIVE VOLUME      L**3       RATES FOR THIS TIME STEP      L**3/T          PACKAGE NAME    
     ------------------                 ------------------------                     ----------------

           IN:                                      IN:
           ---                                      ---
              STO-SS =    16866308.4003                STO-SS =        4502.1814     STORAGE                          
              STO-SY =    31694632.2512                STO-SY =       22304.1424     STORAGE                          
                 WEL =           0.0000                   WEL =           0.0000     AG_PUMP                          
                 GHB =        2913.0795                   GHB =           5.9375     GHB_FAULTS                       
                 RCH =     8177972.4046                   RCH =        2296.4172     SB_RCH                           
                 EVT =           0.0000                   EVT =           0.0000     LAKE_EVT                         

            TOTAL IN =    56741826.1356              TOTAL IN =       29108.6785

          OUT:                                     OUT:
          ----                                     ----
              STO-SS =           0.0000                STO-SS =           0.0000     STORAGE                          
              STO-SY =           0.0000                STO-SY =           0.0000     STORAGE                          
                 WEL =    48650359.0177                   WEL =       26893.5933     AG_PUMP                          
                 GHB =      290410.5967                   GHB =          55.0901     GHB_FAULTS                       
                 RCH =           0.0000                   RCH =           0.0000     SB_RCH                           
                 EVT =     7792739.0957                   EVT =        2154.6492     LAKE_EVT                         

           TOTAL OUT =    56733508.7101             TOTAL OUT =       29103.3327

            IN - OUT =        8317.4255              IN - OUT =           5.3458

 PERCENT DISCREPANCY =           0.01     PERCENT DISCREPANCY =           0.02




         TIME SUMMARY AT END OF TIME STEP    3 IN STRESS PERIOD   10
                    SECONDS     MINUTES      HOURS       DAYS        YEARS
                    -----------------------------------------------------------
   TIME STEP LENGTH 7.88940E+06 1.31490E+05  2191.5      91.312     0.25000    
 STRESS PERIOD TIME 2.36682E+07 3.94470E+05  6574.5      273.94     0.75000    
         TOTAL TIME 3.07687E+08 5.12811E+06  85468.      3561.2      9.7500    


end timestep


start timestep kper="10" kstp="4" mode="normal"

 UBDSV1 SAVING           STO-SS ON UNIT   1024 AT TIME STEP      4, STRESS PERIOD     10
 UBDSV1 SAVING           STO-SY ON UNIT   1024 AT TIME STEP      4, STRESS PERIOD     10
 UBDSV1 SAVING     FLOW-JA-FACE ON UNIT   1024 AT TIME STEP      4, STRESS PERIOD     10
 UBDSV06 SAVING       DATA-SPDIS IN MODEL LV_SIMPLE        PACKAGE NPF             CONNECTED TO MODEL LV_SIMPLE        PACKAGE NPF              ON UNIT   1024 AT TIME STEP      4, STRESS PERIOD     10
 UBDSV06 SAVING              WEL IN MODEL LV_SIMPLE        PACKAGE LV_SIMPLE       CONNECTED TO MODEL LV_SIMPLE        PACKAGE AG_PUMP          ON UNIT   1024 AT TIME STEP      4, STRESS PERIOD     10
 UBDSV06 SAVING              GHB IN MODEL LV_SIMPLE        PACKAGE LV_SIMPLE       CONNECTED TO MODEL LV_SIMPLE        PACKAGE GHB_FAULTS       ON UNIT   1024 AT TIME STEP      4, STRESS PERIOD     10
 UBDSV06 SAVING              RCH IN MODEL LV_SIMPLE        PACKAGE LV_SIMPLE       CONNECTED TO MODEL LV_SIMPLE        PACKAGE SB_RCH           ON UNIT   1024 AT TIME STEP      4, STRESS PERIOD     10
 UBDSV06 SAVING              EVT IN MODEL LV_SIMPLE        PACKAGE LV_SIMPLE       CONNECTED TO MODEL LV_SIMPLE        PACKAGE LAKE_EVT         ON UNIT   1024 AT TIME STEP      4, STRESS PERIOD     10

 HEAD WILL BE SAVED ON UNIT 1025 AT END OF TIME STEP    4, STRESS PERIOD   10


  VOLUME BUDGET FOR ENTIRE MODEL AT END OF TIME STEP    4, STRESS PERIOD  10
  ---------------------------------------------------------------------------------------------------

     CUMULATIVE VOLUME      L**3       RATES FOR THIS TIME STEP      L**3/T          PACKAGE NAME    
     ------------------                 ------------------------                     ----------------

           IN:                                      IN:
           ---                                      ---
              STO-SS =    17254544.1500                STO-SS =        4251.7262     STORAGE                          
              STO-SY =    33754042.3342                STO-SY =       22553.4301     STORAGE                          
                 WEL =           0.0000                   WEL =           0.0000     AG_PUMP                          
                 GHB =        3498.9636                   GHB =           6.4163     GHB_FAULTS                       
                 RCH =     8387664.0047                   RCH =        2296.4172     SB_RCH                           
                 EVT =           0.0000                   EVT =           0.0000     LAKE_EVT                         

            TOTAL IN =    59399749.4525              TOTAL IN =       29107.9898

          OUT:                                     OUT:
          ----                                     ----
              STO-SS =           0.0000                STO-SS =           0.0000     STORAGE                          
              STO-SY =           0.0000                STO-SY =           0.0000     STORAGE                          
                 WEL =    51106080.2602                   WEL =       26893.5933     AG_PUMP                          
                 GHB =      295359.5266                   GHB =          54.1977     GHB_FAULTS                       
                 RCH =           0.0000                   RCH =           0.0000     SB_RCH                           
                 EVT =     7989485.5027                   EVT =        2154.6492     LAKE_EVT                         

           TOTAL OUT =    59390925.2894             TOTAL OUT =       29102.4403

            IN - OUT =        8824.1631              IN - OUT =           5.5495

 PERCENT DISCREPANCY =           0.01     PERCENT DISCREPANCY =           0.02




         TIME SUMMARY AT END OF TIME STEP    4 IN STRESS PERIOD   10
                    SECONDS     MINUTES      HOURS       DAYS        YEARS
                    -----------------------------------------------------------
   TIME STEP LENGTH 7.88940E+06 1.31490E+05  2191.5      91.312     0.25000    
 STRESS PERIOD TIME 3.15576E+07 5.25960E+05  8766.0      365.25      1.0000    
         TOTAL TIME 3.15576E+08 5.25960E+06  87660.      3652.5      10.000    


end timestep


start timestep kper="11" kstp="1" mode="normal"


 REUSING HFBS FROM LAST STRESS PERIOD

 BEGIN READING OUTPUT CONTROL FOR STRESS PERIOD 11
      THE LAST TIME STEP WILL BE SAVED
      THE LAST TIME STEP WILL BE SAVED
      ALL TIME STEPS WILL BE PRINTED

 END READING OUTPUT CONTROL FOR STRESS PERIOD 11

 CELL CONVERSIONS FOR ITER.=2  STEP=1  PERIOD=11   (NODE or LRC)
     DRY           (1,31,20)


  VOLUME BUDGET FOR ENTIRE MODEL AT END OF TIME STEP    1, STRESS PERIOD  11
  ---------------------------------------------------------------------------------------------------

     CUMULATIVE VOLUME      L**3       RATES FOR THIS TIME STEP      L**3/T          PACKAGE NAME    
     ------------------                 ------------------------                     ----------------

           IN:                                      IN:
           ---                                      ---
              STO-SS =    17633635.8163                STO-SS =        4151.5857     STORAGE                          
              STO-SY =    35827311.9401                STO-SY =       22705.2113     STORAGE                          
                 WEL =           0.0000                   WEL =           0.0000     AG_PUMP                          
                 GHB =        4127.7147                   GHB =           6.8857     GHB_FAULTS                       
                 RCH =     8597355.6048                   RCH =        2296.4172     SB_RCH                           
                 EVT =           0.0000                   EVT =           0.0000     LAKE_EVT                         

            TOTAL IN =    62062431.0759              TOTAL IN =       29160.0999

          OUT:                                     OUT:
          ----                                     ----
              STO-SS =           0.0000                STO-SS =           0.0000     STORAGE                          
              STO-SY =           0.0000                STO-SY =           0.0000     STORAGE                          
                 WEL =    53561799.6841                   WEL =       26893.5734     AG_PUMP                          
                 GHB =      300229.5784                   GHB =          53.3339     GHB_FAULTS                       
                 RCH =           0.0000                   RCH =           0.0000     SB_RCH                           
                 EVT =     8191406.9248                   EVT =        2211.3229     LAKE_EVT                         

           TOTAL OUT =    62053436.1874             TOTAL OUT =       29158.2302

            IN - OUT =        8994.8885              IN - OUT =           1.8697

 PERCENT DISCREPANCY =           0.01     PERCENT DISCREPANCY =           0.01




         TIME SUMMARY AT END OF TIME STEP    1 IN STRESS PERIOD   11
                    SECONDS     MINUTES      HOURS       DAYS        YEARS
                    -----------------------------------------------------------
   TIME STEP LENGTH 7.88940E+06 1.31490E+05  2191.5      91.312     0.25000    
 STRESS PERIOD TIME 7.88940E+06 1.31490E+05  2191.5      91.312     0.25000    
         TOTAL TIME 3.23465E+08 5.39109E+06  89852.      3743.8      10.250    


end timestep


start timestep kper="11" kstp="2" mode="normal"



  VOLUME BUDGET FOR ENTIRE MODEL AT END OF TIME STEP    2, STRESS PERIOD  11
  ---------------------------------------------------------------------------------------------------

     CUMULATIVE VOLUME      L**3       RATES FOR THIS TIME STEP      L**3/T          PACKAGE NAME    
     ------------------                 ------------------------                     ----------------

           IN:                                      IN:
           ---                                      ---
              STO-SS =    18002943.5836                STO-SS =        4044.4382     STORAGE                          
              STO-SY =    37910474.6426                STO-SY =       22813.5546     STORAGE                          
                 WEL =           0.0000                   WEL =           0.0000     AG_PUMP                          
                 GHB =        4798.2856                   GHB =           7.3437     GHB_FAULTS                       
                 RCH =     8807047.2049                   RCH =        2296.4172     SB_RCH                           
                 EVT =           0.0000                   EVT =           0.0000     LAKE_EVT                         

            TOTAL IN =    64725263.7168              TOTAL IN =       29161.7538

          OUT:                                     OUT:
          ----                                     ----
              STO-SS =           0.0000                STO-SS =           0.0000     STORAGE                          
              STO-SY =           0.0000                STO-SY =           0.0000     STORAGE                          
                 WEL =    56017519.1080                   WEL =       26893.5734     AG_PUMP                          
                 GHB =      305021.4268                   GHB =          52.4775     GHB_FAULTS                       
                 RCH =           0.0000                   RCH =           0.0000     SB_RCH                           
                 EVT =     8393328.3470                   EVT =        2211.3229     LAKE_EVT                         

           TOTAL OUT =    64715868.8819             TOTAL OUT =       29157.3738

            IN - OUT =        9394.8349              IN - OUT =           4.3800

 PERCENT DISCREPANCY =           0.01     PERCENT DISCREPANCY =           0.02




         TIME SUMMARY AT END OF TIME STEP    2 IN STRESS PERIOD   11
                    SECONDS     MINUTES      HOURS       DAYS        YEARS
                    -----------------------------------------------------------
   TIME STEP LENGTH 7.88940E+06 1.31490E+05  2191.5      91.312     0.25000    
 STRESS PERIOD TIME 1.57788E+07 2.62980E+05  4383.0      182.62     0.50000    
         TOTAL TIME 3.31355E+08 5.52258E+06  92043.      3835.1      10.500    


end timestep


start timestep kper="11" kstp="3" mode="normal"



  VOLUME BUDGET FOR ENTIRE MODEL AT END OF TIME STEP    3, STRESS PERIOD  11
  ---------------------------------------------------------------------------------------------------

     CUMULATIVE VOLUME      L**3       RATES FOR THIS TIME STEP      L**3/T          PACKAGE NAME    
     ------------------                 ------------------------                     ----------------

           IN:                                      IN:
           ---                                      ---
              STO-SS =    18358184.5254                STO-SS =        3890.3868     STORAGE                          
              STO-SY =    40007515.0520                STO-SY =       22965.5349     STORAGE                          
                 WEL =           0.0000                   WEL =           0.0000     AG_PUMP                          
                 GHB =        5509.7232                   GHB =           7.7912     GHB_FAULTS                       
                 RCH =     9016738.8051                   RCH =        2296.4172     SB_RCH                           
                 EVT =           0.0000                   EVT =           0.0000     LAKE_EVT                         

            TOTAL IN =    67387948.1057              TOTAL IN =       29160.1302

          OUT:                                     OUT:
          ----                                     ----
              STO-SS =           0.0000                STO-SS =           0.0000     STORAGE                          
              STO-SY =           0.0000                STO-SY =           0.0000     STORAGE                          
                 WEL =    58473238.5320                   WEL =       26893.5734     AG_PUMP                          
                 GHB =      309736.4269                   GHB =          51.6359     GHB_FAULTS                       
                 RCH =           0.0000                   RCH =           0.0000     SB_RCH                           
                 EVT =     8595249.7692                   EVT =        2211.3229     LAKE_EVT                         

           TOTAL OUT =    67378224.7281             TOTAL OUT =       29156.5322

            IN - OUT =        9723.3776              IN - OUT =           3.5980

 PERCENT DISCREPANCY =           0.01     PERCENT DISCREPANCY =           0.01




         TIME SUMMARY AT END OF TIME STEP    3 IN STRESS PERIOD   11
                    SECONDS     MINUTES      HOURS       DAYS        YEARS
                    -----------------------------------------------------------
   TIME STEP LENGTH 7.88940E+06 1.31490E+05  2191.5      91.312     0.25000    
 STRESS PERIOD TIME 2.36682E+07 3.94470E+05  6574.5      273.94     0.75000    
         TOTAL TIME 3.39244E+08 5.65407E+06  94234.      3926.4      10.750    


end timestep


start timestep kper="11" kstp="4" mode="normal"

 UBDSV1 SAVING           STO-SS ON UNIT   1024 AT TIME STEP      4, STRESS PERIOD     11
 UBDSV1 SAVING           STO-SY ON UNIT   1024 AT TIME STEP      4, STRESS PERIOD     11
 UBDSV1 SAVING     FLOW-JA-FACE ON UNIT   1024 AT TIME STEP      4, STRESS PERIOD     11
 UBDSV06 SAVING       DATA-SPDIS IN MODEL LV_SIMPLE        PACKAGE NPF             CONNECTED TO MODEL LV_SIMPLE        PACKAGE NPF              ON UNIT   1024 AT TIME STEP      4, STRESS PERIOD     11
 UBDSV06 SAVING              WEL IN MODEL LV_SIMPLE        PACKAGE LV_SIMPLE       CONNECTED TO MODEL LV_SIMPLE        PACKAGE AG_PUMP          ON UNIT   1024 AT TIME STEP      4, STRESS PERIOD     11
 UBDSV06 SAVING              GHB IN MODEL LV_SIMPLE        PACKAGE LV_SIMPLE       CONNECTED TO MODEL LV_SIMPLE        PACKAGE GHB_FAULTS       ON UNIT   1024 AT TIME STEP      4, STRESS PERIOD     11
 UBDSV06 SAVING              RCH IN MODEL LV_SIMPLE        PACKAGE LV_SIMPLE       CONNECTED TO MODEL LV_SIMPLE        PACKAGE SB_RCH           ON UNIT   1024 AT TIME STEP      4, STRESS PERIOD     11
 UBDSV06 SAVING              EVT IN MODEL LV_SIMPLE        PACKAGE LV_SIMPLE       CONNECTED TO MODEL LV_SIMPLE        PACKAGE LAKE_EVT         ON UNIT   1024 AT TIME STEP      4, STRESS PERIOD     11

 HEAD WILL BE SAVED ON UNIT 1025 AT END OF TIME STEP    4, STRESS PERIOD   11


  VOLUME BUDGET FOR ENTIRE MODEL AT END OF TIME STEP    4, STRESS PERIOD  11
  ---------------------------------------------------------------------------------------------------

     CUMULATIVE VOLUME      L**3       RATES FOR THIS TIME STEP      L**3/T          PACKAGE NAME    
     ------------------                 ------------------------                     ----------------

           IN:                                      IN:
           ---                                      ---
              STO-SS =    18699211.0857                STO-SS =        3734.7193     STORAGE                          
              STO-SY =    42118324.0049                STO-SY =       23116.3198     STORAGE                          
                 WEL =           0.0000                   WEL =           0.0000     AG_PUMP                          
                 GHB =        6262.9203                   GHB =           8.2486     GHB_FAULTS                       
                 RCH =     9226430.4052                   RCH =        2296.4172     SB_RCH                           
                 EVT =           0.0000                   EVT =           0.0000     LAKE_EVT                         

            TOTAL IN =    70050228.4160              TOTAL IN =       29155.7050

          OUT:                                     OUT:
          ----                                     ----
              STO-SS =           0.0000                STO-SS =           0.0000     STORAGE                          
              STO-SY =           0.0000                STO-SY =           0.0000     STORAGE                          
                 WEL =    60928957.9559                   WEL =       26893.5734     AG_PUMP                          
                 GHB =      314378.6283                   GHB =          50.8386     GHB_FAULTS                       
                 RCH =           0.0000                   RCH =           0.0000     SB_RCH                           
                 EVT =     8797171.1913                   EVT =        2211.3229     LAKE_EVT                         

           TOTAL OUT =    70040507.7755             TOTAL OUT =       29155.7349

            IN - OUT =        9720.6405              IN - OUT =      -2.9975E-02

 PERCENT DISCREPANCY =           0.01     PERCENT DISCREPANCY =          -0.00




         TIME SUMMARY AT END OF TIME STEP    4 IN STRESS PERIOD   11
                    SECONDS     MINUTES      HOURS       DAYS        YEARS
                    -----------------------------------------------------------
   TIME STEP LENGTH 7.88940E+06 1.31490E+05  2191.5      91.312     0.25000    
 STRESS PERIOD TIME 3.15576E+07 5.25960E+05  8766.0      365.25      1.0000    
         TOTAL TIME 3.47134E+08 5.78556E+06  96426.      4017.8      11.000    


end timestep


start timestep kper="12" kstp="1" mode="normal"


 REUSING HFBS FROM LAST STRESS PERIOD

 BEGIN READING OUTPUT CONTROL FOR STRESS PERIOD 12
      THE LAST TIME STEP WILL BE SAVED
      THE LAST TIME STEP WILL BE SAVED
      ALL TIME STEPS WILL BE PRINTED

 END READING OUTPUT CONTROL FOR STRESS PERIOD 12


  VOLUME BUDGET FOR ENTIRE MODEL AT END OF TIME STEP    1, STRESS PERIOD  12
  ---------------------------------------------------------------------------------------------------

     CUMULATIVE VOLUME      L**3       RATES FOR THIS TIME STEP      L**3/T          PACKAGE NAME    
     ------------------                 ------------------------                     ----------------

           IN:                                      IN:
           ---                                      ---
              STO-SS =    19039108.0585                STO-SS =        3722.3488     STORAGE                          
              STO-SY =    44238632.0398                STO-SY =       23220.3481     STORAGE                          
                 WEL =           0.0000                   WEL =           0.0000     AG_PUMP                          
                 GHB =        7058.1314                   GHB =           8.7087     GHB_FAULTS                       
                 RCH =     9436122.0053                   RCH =        2296.4172     SB_RCH                           
                 EVT =           0.0000                   EVT =           0.0000     LAKE_EVT                         

            TOTAL IN =    72720920.2350              TOTAL IN =       29247.8228

          OUT:                                     OUT:
          ----                                     ----
              STO-SS =           0.0000                STO-SS =           0.0000     STORAGE                          
              STO-SY =           0.0000                STO-SY =           0.0000     STORAGE                          
                 WEL =    63384668.9453                   WEL =       26893.4811     AG_PUMP                          
                 GHB =      318948.2660                   GHB =          50.0439     GHB_FAULTS                       
                 RCH =           0.0000                   RCH =           0.0000     SB_RCH                           
                 EVT =     9007497.8781                   EVT =        2303.3723     LAKE_EVT                         

           TOTAL OUT =    72711115.0895             TOTAL OUT =       29246.8973

            IN - OUT =        9805.1455              IN - OUT =           0.9254

 PERCENT DISCREPANCY =           0.01     PERCENT DISCREPANCY =           0.00




         TIME SUMMARY AT END OF TIME STEP    1 IN STRESS PERIOD   12
                    SECONDS     MINUTES      HOURS       DAYS        YEARS
                    -----------------------------------------------------------
   TIME STEP LENGTH 7.88940E+06 1.31490E+05  2191.5      91.312     0.25000    
 STRESS PERIOD TIME 7.88940E+06 1.31490E+05  2191.5      91.312     0.25000    
         TOTAL TIME 3.55023E+08 5.91705E+06  98618.      4109.1      11.250    


end timestep


start timestep kper="12" kstp="2" mode="normal"



  VOLUME BUDGET FOR ENTIRE MODEL AT END OF TIME STEP    2, STRESS PERIOD  12
  ---------------------------------------------------------------------------------------------------

     CUMULATIVE VOLUME      L**3       RATES FOR THIS TIME STEP      L**3/T          PACKAGE NAME    
     ------------------                 ------------------------                     ----------------

           IN:                                      IN:
           ---                                      ---
              STO-SS =    19361948.8513                STO-SS =        3535.5597     STORAGE                          
              STO-SY =    46376084.7812                STO-SY =       23408.1067     STORAGE                          
                 WEL =           0.0000                   WEL =           0.0000     AG_PUMP                          
                 GHB =        7893.8470                   GHB =           9.1523     GHB_FAULTS                       
                 RCH =     9645813.6054                   RCH =        2296.4172     SB_RCH                           
                 EVT =           0.0000                   EVT =           0.0000     LAKE_EVT                         

            TOTAL IN =    75391741.0850              TOTAL IN =       29249.2359

          OUT:                                     OUT:
          ----                                     ----
              STO-SS =           0.0000                STO-SS =           0.0000     STORAGE                          
              STO-SY =           0.0000                STO-SY =           0.0000     STORAGE                          
                 WEL =    65840379.9347                   WEL =       26893.4811     AG_PUMP                          
                 GHB =      323446.2418                   GHB =          49.2591     GHB_FAULTS                       
                 RCH =           0.0000                   RCH =           0.0000     SB_RCH                           
                 EVT =     9217824.5649                   EVT =        2303.3723     LAKE_EVT                         

           TOTAL OUT =    75381650.7413             TOTAL OUT =       29246.1125

            IN - OUT =       10090.3437              IN - OUT =           3.1233

 PERCENT DISCREPANCY =           0.01     PERCENT DISCREPANCY =           0.01




         TIME SUMMARY AT END OF TIME STEP    2 IN STRESS PERIOD   12
                    SECONDS     MINUTES      HOURS       DAYS        YEARS
                    -----------------------------------------------------------
   TIME STEP LENGTH 7.88940E+06 1.31490E+05  2191.5      91.312     0.25000    
 STRESS PERIOD TIME 1.57788E+07 2.62980E+05  4383.0      182.62     0.50000    
         TOTAL TIME 3.62912E+08 6.04854E+06 1.00809E+05  4200.4      11.500    


end timestep


start timestep kper="12" kstp="3" mode="normal"



  VOLUME BUDGET FOR ENTIRE MODEL AT END OF TIME STEP    3, STRESS PERIOD  12
  ---------------------------------------------------------------------------------------------------

     CUMULATIVE VOLUME      L**3       RATES FOR THIS TIME STEP      L**3/T          PACKAGE NAME    
     ------------------                 ------------------------                     ----------------

           IN:                                      IN:
           ---                                      ---
              STO-SS =    19671511.7157                STO-SS =        3390.1477     STORAGE                          
              STO-SY =    48527049.1772                STO-SY =       23556.0783     STORAGE                          
                 WEL =           0.0000                   WEL =           0.0000     AG_PUMP                          
                 GHB =        8768.9192                   GHB =           9.5833     GHB_FAULTS                       
                 RCH =     9855505.2055                   RCH =        2296.4172     SB_RCH                           
                 EVT =           0.0000                   EVT =           0.0000     LAKE_EVT                         

            TOTAL IN =    78062835.0176              TOTAL IN =       29252.2265

          OUT:                                     OUT:
          ----                                     ----
              STO-SS =           0.0000                STO-SS =           0.0000     STORAGE                          
              STO-SY =           0.0000                STO-SY =           0.0000     STORAGE                          
                 WEL =    68296090.9241                   WEL =       26893.4811     AG_PUMP                          
                 GHB =      327874.2351                   GHB =          48.4927     GHB_FAULTS                       
                 RCH =           0.0000                   RCH =           0.0000     SB_RCH                           
                 EVT =     9428151.2517                   EVT =        2303.3723     LAKE_EVT                         

           TOTAL OUT =    78052116.4108             TOTAL OUT =       29245.3461

            IN - OUT =       10718.6068              IN - OUT =           6.8804

 PERCENT DISCREPANCY =           0.01     PERCENT DISCREPANCY =           0.02




         TIME SUMMARY AT END OF TIME STEP    3 IN STRESS PERIOD   12
                    SECONDS     MINUTES      HOURS       DAYS        YEARS
                    -----------------------------------------------------------
   TIME STEP LENGTH 7.88940E+06 1.31490E+05  2191.5      91.312     0.25000    
 STRESS PERIOD TIME 2.36682E+07 3.94470E+05  6574.5      273.94     0.75000    
         TOTAL TIME 3.70802E+08 6.18003E+06 1.03000E+05  4291.7      11.750    


end timestep


start timestep kper="12" kstp="4" mode="normal"


 CELL CONVERSIONS FOR ITER.=2  STEP=4  PERIOD=12   (NODE or LRC)
     DRY           (2,31,24)
 UBDSV1 SAVING           STO-SS ON UNIT   1024 AT TIME STEP      4, STRESS PERIOD     12
 UBDSV1 SAVING           STO-SY ON UNIT   1024 AT TIME STEP      4, STRESS PERIOD     12
 UBDSV1 SAVING     FLOW-JA-FACE ON UNIT   1024 AT TIME STEP      4, STRESS PERIOD     12
 UBDSV06 SAVING       DATA-SPDIS IN MODEL LV_SIMPLE        PACKAGE NPF             CONNECTED TO MODEL LV_SIMPLE        PACKAGE NPF              ON UNIT   1024 AT TIME STEP      4, STRESS PERIOD     12
 UBDSV06 SAVING              WEL IN MODEL LV_SIMPLE        PACKAGE LV_SIMPLE       CONNECTED TO MODEL LV_SIMPLE        PACKAGE AG_PUMP          ON UNIT   1024 AT TIME STEP      4, STRESS PERIOD     12
 UBDSV06 SAVING              GHB IN MODEL LV_SIMPLE        PACKAGE LV_SIMPLE       CONNECTED TO MODEL LV_SIMPLE        PACKAGE GHB_FAULTS       ON UNIT   1024 AT TIME STEP      4, STRESS PERIOD     12
 UBDSV06 SAVING              RCH IN MODEL LV_SIMPLE        PACKAGE LV_SIMPLE       CONNECTED TO MODEL LV_SIMPLE        PACKAGE SB_RCH           ON UNIT   1024 AT TIME STEP      4, STRESS PERIOD     12
 UBDSV06 SAVING              EVT IN MODEL LV_SIMPLE        PACKAGE LV_SIMPLE       CONNECTED TO MODEL LV_SIMPLE        PACKAGE LAKE_EVT         ON UNIT   1024 AT TIME STEP      4, STRESS PERIOD     12

 HEAD WILL BE SAVED ON UNIT 1025 AT END OF TIME STEP    4, STRESS PERIOD   12


  VOLUME BUDGET FOR ENTIRE MODEL AT END OF TIME STEP    4, STRESS PERIOD  12
  ---------------------------------------------------------------------------------------------------

     CUMULATIVE VOLUME      L**3       RATES FOR THIS TIME STEP      L**3/T          PACKAGE NAME    
     ------------------                 ------------------------                     ----------------

           IN:                                      IN:
           ---                                      ---
              STO-SS =    19968116.7907                STO-SS =        3248.2418     STORAGE                          
              STO-SY =    50690560.6640                STO-SY =       23693.4865     STORAGE                          
                 WEL =           0.0000                   WEL =           0.0000     AG_PUMP                          
                 GHB =        9680.8710                   GHB =           9.9872     GHB_FAULTS                       
                 RCH =    10065196.8057                   RCH =        2296.4172     SB_RCH                           
                 EVT =           0.0000                   EVT =           0.0000     LAKE_EVT                         

            TOTAL IN =    80733555.1314              TOTAL IN =       29248.1327

          OUT:                                     OUT:
          ----                                     ----
              STO-SS =           0.0000                STO-SS =           0.0000     STORAGE                          
              STO-SY =           0.0000                STO-SY =           0.0000     STORAGE                          
                 WEL =    70751801.9135                   WEL =       26893.4811     AG_PUMP                          
                 GHB =      332233.3769                   GHB =          47.7387     GHB_FAULTS                       
                 RCH =           0.0000                   RCH =           0.0000     SB_RCH                           
                 EVT =     9638477.9384                   EVT =        2303.3723     LAKE_EVT                         

           TOTAL OUT =    80722513.2288             TOTAL OUT =       29244.5921

            IN - OUT =       11041.9026              IN - OUT =           3.5405

 PERCENT DISCREPANCY =           0.01     PERCENT DISCREPANCY =           0.01




         TIME SUMMARY AT END OF TIME STEP    4 IN STRESS PERIOD   12
                    SECONDS     MINUTES      HOURS       DAYS        YEARS
                    -----------------------------------------------------------
   TIME STEP LENGTH 7.88940E+06 1.31490E+05  2191.5      91.312     0.25000    
 STRESS PERIOD TIME 3.15576E+07 5.25960E+05  8766.0      365.25      1.0000    
         TOTAL TIME 3.78691E+08 6.31152E+06 1.05192E+05  4383.0      12.000    


end timestep


start timestep kper="13" kstp="1" mode="normal"


 REUSING HFBS FROM LAST STRESS PERIOD

 BEGIN READING OUTPUT CONTROL FOR STRESS PERIOD 13
      THE LAST TIME STEP WILL BE SAVED
      THE LAST TIME STEP WILL BE SAVED
      ALL TIME STEPS WILL BE PRINTED

 END READING OUTPUT CONTROL FOR STRESS PERIOD 13


  VOLUME BUDGET FOR ENTIRE MODEL AT END OF TIME STEP    1, STRESS PERIOD  13
  ---------------------------------------------------------------------------------------------------

     CUMULATIVE VOLUME      L**3       RATES FOR THIS TIME STEP      L**3/T          PACKAGE NAME    
     ------------------                 ------------------------                     ----------------

           IN:                                      IN:
           ---                                      ---
              STO-SS =    20252554.6560                STO-SS =        3114.9937     STORAGE                          
              STO-SY =    52861226.0372                STO-SY =       23771.8316     STORAGE                          
                 WEL =           0.0000                   WEL =           0.0000     AG_PUMP                          
                 GHB =       10629.4721                   GHB =          10.3885     GHB_FAULTS                       
                 RCH =    10274888.4058                   RCH =        2296.4172     SB_RCH                           
                 EVT =           0.0000                   EVT =           0.0000     LAKE_EVT                         

            TOTAL IN =    83399298.5711              TOTAL IN =       29193.6311

          OUT:                                     OUT:
          ----                                     ----
              STO-SS =           0.0000                STO-SS =           0.0000     STORAGE                          
              STO-SY =           0.0000                STO-SY =           0.0000     STORAGE                          
                 WEL =    73207516.5000                   WEL =       26893.5205     AG_PUMP                          
                 GHB =      336525.7041                   GHB =          47.0070     GHB_FAULTS                       
                 RCH =           0.0000                   RCH =           0.0000     SB_RCH                           
                 EVT =     9843591.9698                   EVT =        2246.2864     LAKE_EVT                         

           TOTAL OUT =    83387634.1739             TOTAL OUT =       29186.8139

            IN - OUT =       11664.3972              IN - OUT =           6.8172

 PERCENT DISCREPANCY =           0.01     PERCENT DISCREPANCY =           0.02




         TIME SUMMARY AT END OF TIME STEP    1 IN STRESS PERIOD   13
                    SECONDS     MINUTES      HOURS       DAYS        YEARS
                    -----------------------------------------------------------
   TIME STEP LENGTH 7.88940E+06 1.31490E+05  2191.5      91.312     0.25000    
 STRESS PERIOD TIME 7.88940E+06 1.31490E+05  2191.5      91.312     0.25000    
         TOTAL TIME 3.86581E+08 6.44301E+06 1.07384E+05  4474.3      12.250    


end timestep


start timestep kper="13" kstp="2" mode="normal"



  VOLUME BUDGET FOR ENTIRE MODEL AT END OF TIME STEP    2, STRESS PERIOD  13
  ---------------------------------------------------------------------------------------------------

     CUMULATIVE VOLUME      L**3       RATES FOR THIS TIME STEP      L**3/T          PACKAGE NAME    
     ------------------                 ------------------------                     ----------------

           IN:                                      IN:
           ---                                      ---
              STO-SS =    20530312.5472                STO-SS =        3041.8386     STORAGE                          
              STO-SY =    55038202.3720                STO-SY =       23840.9455     STORAGE                          
                 WEL =           0.0000                   WEL =           0.0000     AG_PUMP                          
                 GHB =       11614.1335                   GHB =          10.7834     GHB_FAULTS                       
                 RCH =    10484580.0059                   RCH =        2296.4172     SB_RCH                           
                 EVT =           0.0000                   EVT =           0.0000     LAKE_EVT                         

            TOTAL IN =    86064709.0586              TOTAL IN =       29189.9848

          OUT:                                     OUT:
          ----                                     ----
              STO-SS =           0.0000                STO-SS =           0.0000     STORAGE                          
              STO-SY =           0.0000                STO-SY =           0.0000     STORAGE                          
                 WEL =    75663231.0865                   WEL =       26893.5205     AG_PUMP                          
                 GHB =      340752.0314                   GHB =          46.2842     GHB_FAULTS                       
                 RCH =           0.0000                   RCH =           0.0000     SB_RCH                           
                 EVT =    10048706.0012                   EVT =        2246.2864     LAKE_EVT                         

           TOTAL OUT =    86052689.1191             TOTAL OUT =       29186.0911

            IN - OUT =       12019.9394              IN - OUT =           3.8937

 PERCENT DISCREPANCY =           0.01     PERCENT DISCREPANCY =           0.01




         TIME SUMMARY AT END OF TIME STEP    2 IN STRESS PERIOD   13
                    SECONDS     MINUTES      HOURS       DAYS        YEARS
                    -----------------------------------------------------------
   TIME STEP LENGTH 7.88940E+06 1.31490E+05  2191.5      91.312     0.25000    
 STRESS PERIOD TIME 1.57788E+07 2.62980E+05  4383.0      182.62     0.50000    
         TOTAL TIME 3.94470E+08 6.57450E+06 1.09575E+05  4565.6      12.500    


end timestep


start timestep kper="13" kstp="3" mode="normal"



  VOLUME BUDGET FOR ENTIRE MODEL AT END OF TIME STEP    3, STRESS PERIOD  13
  ---------------------------------------------------------------------------------------------------

     CUMULATIVE VOLUME      L**3       RATES FOR THIS TIME STEP      L**3/T          PACKAGE NAME    
     ------------------                 ------------------------                     ----------------

           IN:                                      IN:
           ---                                      ---
              STO-SS =    20802721.0580                STO-SS =        2983.2554     STORAGE                          
              STO-SY =    57220676.1366                STO-SY =       23901.1501     STORAGE                          
                 WEL =           0.0000                   WEL =           0.0000     AG_PUMP                          
                 GHB =       12634.1998                   GHB =          11.1712     GHB_FAULTS                       
                 RCH =    10694271.6060                   RCH =        2296.4172     SB_RCH                           
                 EVT =           0.0000                   EVT =           0.0000     LAKE_EVT                         

            TOTAL IN =    88730303.0005              TOTAL IN =       29191.9939

          OUT:                                     OUT:
          ----                                     ----
              STO-SS =           0.0000                STO-SS =           0.0000     STORAGE                          
              STO-SY =           0.0000                STO-SY =           0.0000     STORAGE                          
                 WEL =    78118945.6730                   WEL =       26893.5205     AG_PUMP                          
                 GHB =      344913.0164                   GHB =          45.5686     GHB_FAULTS                       
                 RCH =           0.0000                   RCH =           0.0000     SB_RCH                           
                 EVT =    10253820.0326                   EVT =        2246.2864     LAKE_EVT                         

           TOTAL OUT =    88717678.7221             TOTAL OUT =       29185.3755

            IN - OUT =       12624.2784              IN - OUT =           6.6184

 PERCENT DISCREPANCY =           0.01     PERCENT DISCREPANCY =           0.02




         TIME SUMMARY AT END OF TIME STEP    3 IN STRESS PERIOD   13
                    SECONDS     MINUTES      HOURS       DAYS        YEARS
                    -----------------------------------------------------------
   TIME STEP LENGTH 7.88940E+06 1.31490E+05  2191.5      91.312     0.25000    
 STRESS PERIOD TIME 2.36682E+07 3.94470E+05  6574.5      273.94     0.75000    
         TOTAL TIME 4.02359E+08 6.70599E+06 1.11766E+05  4656.9      12.750    


end timestep


start timestep kper="13" kstp="4" mode="normal"

 UBDSV1 SAVING           STO-SS ON UNIT   1024 AT TIME STEP      4, STRESS PERIOD     13
 UBDSV1 SAVING           STO-SY ON UNIT   1024 AT TIME STEP      4, STRESS PERIOD     13
 UBDSV1 SAVING     FLOW-JA-FACE ON UNIT   1024 AT TIME STEP      4, STRESS PERIOD     13
 UBDSV06 SAVING       DATA-SPDIS IN MODEL LV_SIMPLE        PACKAGE NPF             CONNECTED TO MODEL LV_SIMPLE        PACKAGE NPF              ON UNIT   1024 AT TIME STEP      4, STRESS PERIOD     13
 UBDSV06 SAVING              WEL IN MODEL LV_SIMPLE        PACKAGE LV_SIMPLE       CONNECTED TO MODEL LV_SIMPLE        PACKAGE AG_PUMP          ON UNIT   1024 AT TIME STEP      4, STRESS PERIOD     13
 UBDSV06 SAVING              GHB IN MODEL LV_SIMPLE        PACKAGE LV_SIMPLE       CONNECTED TO MODEL LV_SIMPLE        PACKAGE GHB_FAULTS       ON UNIT   1024 AT TIME STEP      4, STRESS PERIOD     13
 UBDSV06 SAVING              RCH IN MODEL LV_SIMPLE        PACKAGE LV_SIMPLE       CONNECTED TO MODEL LV_SIMPLE        PACKAGE SB_RCH           ON UNIT   1024 AT TIME STEP      4, STRESS PERIOD     13
 UBDSV06 SAVING              EVT IN MODEL LV_SIMPLE        PACKAGE LV_SIMPLE       CONNECTED TO MODEL LV_SIMPLE        PACKAGE LAKE_EVT         ON UNIT   1024 AT TIME STEP      4, STRESS PERIOD     13

 HEAD WILL BE SAVED ON UNIT 1025 AT END OF TIME STEP    4, STRESS PERIOD   13


  VOLUME BUDGET FOR ENTIRE MODEL AT END OF TIME STEP    4, STRESS PERIOD  13
  ---------------------------------------------------------------------------------------------------

     CUMULATIVE VOLUME      L**3       RATES FOR THIS TIME STEP      L**3/T          PACKAGE NAME    
     ------------------                 ------------------------                     ----------------

           IN:                                      IN:
           ---                                      ---
              STO-SS =    21066346.3212                STO-SS =        2887.0665     STORAGE                          
              STO-SY =    59411703.8637                STO-SY =       23994.8279     STORAGE                          
                 WEL =           0.0000                   WEL =           0.0000     AG_PUMP                          
                 GHB =       13688.4858                   GHB =          11.5459     GHB_FAULTS                       
                 RCH =    10903963.2061                   RCH =        2296.4172     SB_RCH                           
                 EVT =           0.0000                   EVT =           0.0000     LAKE_EVT                         

            TOTAL IN =    91395701.8768              TOTAL IN =       29189.8576

          OUT:                                     OUT:
          ----                                     ----
              STO-SS =           0.0000                STO-SS =           0.0000     STORAGE                          
              STO-SY =           0.0000                STO-SY =           0.0000     STORAGE                          
                 WEL =    80574660.2595                   WEL =       26893.5205     AG_PUMP                          
                 GHB =      349009.6341                   GHB =          44.8637     GHB_FAULTS                       
                 RCH =           0.0000                   RCH =           0.0000     SB_RCH                           
                 EVT =    10458934.0640                   EVT =        2246.2864     LAKE_EVT                         

           TOTAL OUT =    91382603.9576             TOTAL OUT =       29184.6706

            IN - OUT =       13097.9191              IN - OUT =           5.1870

 PERCENT DISCREPANCY =           0.01     PERCENT DISCREPANCY =           0.02




         TIME SUMMARY AT END OF TIME STEP    4 IN STRESS PERIOD   13
                    SECONDS     MINUTES      HOURS       DAYS        YEARS
                    -----------------------------------------------------------
   TIME STEP LENGTH 7.88940E+06 1.31490E+05  2191.5      91.312     0.25000    
 STRESS PERIOD TIME 3.15576E+07 5.25960E+05  8766.0      365.25      1.0000    
         TOTAL TIME 4.10249E+08 6.83748E+06 1.13958E+05  4748.2      13.000    


end timestep


start timestep kper="14" kstp="1" mode="normal"


 REUSING HFBS FROM LAST STRESS PERIOD

 BEGIN READING OUTPUT CONTROL FOR STRESS PERIOD 14
      THE LAST TIME STEP WILL BE SAVED
      THE LAST TIME STEP WILL BE SAVED
      ALL TIME STEPS WILL BE PRINTED

 END READING OUTPUT CONTROL FOR STRESS PERIOD 14


  VOLUME BUDGET FOR ENTIRE MODEL AT END OF TIME STEP    1, STRESS PERIOD  14
  ---------------------------------------------------------------------------------------------------

     CUMULATIVE VOLUME      L**3       RATES FOR THIS TIME STEP      L**3/T          PACKAGE NAME    
     ------------------                 ------------------------                     ----------------

           IN:                                      IN:
           ---                                      ---
              STO-SS =    21323062.8722                STO-SS =        2811.4064     STORAGE                          
              STO-SY =    61603532.0570                STO-SY =       24003.5942     STORAGE                          
                 WEL =           0.0000                   WEL =           0.0000     AG_PUMP                          
                 GHB =       14775.7123                   GHB =          11.9067     GHB_FAULTS                       
                 RCH =    11113654.8062                   RCH =        2296.4172     SB_RCH                           
                 EVT =           0.0000                   EVT =           0.0000     LAKE_EVT                         

            TOTAL IN =    94055025.4478              TOTAL IN =       29123.3245

          OUT:                                     OUT:
          ----                                     ----
              STO-SS =           0.0000                STO-SS =           0.0000     STORAGE                          
              STO-SY =           0.0000                STO-SY =           0.0000     STORAGE                          
                 WEL =    83030367.2392                   WEL =       26893.4371     AG_PUMP                          
                 GHB =      353042.4508                   GHB =          44.1650     GHB_FAULTS                       
                 RCH =           0.0000                   RCH =           0.0000     SB_RCH                           
                 EVT =    10658378.0487                   EVT =        2184.1915     LAKE_EVT                         

           TOTAL OUT =    94041787.7387             TOTAL OUT =       29121.7936

            IN - OUT =       13237.7091              IN - OUT =           1.5309

 PERCENT DISCREPANCY =           0.01     PERCENT DISCREPANCY =           0.01




         TIME SUMMARY AT END OF TIME STEP    1 IN STRESS PERIOD   14
                    SECONDS     MINUTES      HOURS       DAYS        YEARS
                    -----------------------------------------------------------
   TIME STEP LENGTH 7.88940E+06 1.31490E+05  2191.5      91.312     0.25000    
 STRESS PERIOD TIME 7.88940E+06 1.31490E+05  2191.5      91.312     0.25000    
         TOTAL TIME 4.18138E+08 6.96897E+06 1.16150E+05  4839.6      13.250    


end timestep


start timestep kper="14" kstp="2" mode="normal"


 CELL CONVERSIONS FOR ITER.=2  STEP=2  PERIOD=14   (NODE or LRC)
     DRY           (2,32,21)


  VOLUME BUDGET FOR ENTIRE MODEL AT END OF TIME STEP    2, STRESS PERIOD  14
  ---------------------------------------------------------------------------------------------------

     CUMULATIVE VOLUME      L**3       RATES FOR THIS TIME STEP      L**3/T          PACKAGE NAME    
     ------------------                 ------------------------                     ----------------

           IN:                                      IN:
           ---                                      ---
              STO-SS =    21575836.5732                STO-SS =        2768.2267     STORAGE                          
              STO-SY =    63799476.8839                STO-SY =       24048.6771     STORAGE                          
                 WEL =           0.0000                   WEL =           0.0000     AG_PUMP                          
                 GHB =       15895.1176                   GHB =          12.2591     GHB_FAULTS                       
                 RCH =    11323346.4064                   RCH =        2296.4172     SB_RCH                           
                 EVT =           0.0000                   EVT =           0.0000     LAKE_EVT                         

            TOTAL IN =    96714554.9811              TOTAL IN =       29125.5801

          OUT:                                     OUT:
          ----                                     ----
              STO-SS =           0.0000                STO-SS =           0.0000     STORAGE                          
              STO-SY =           0.0000                STO-SY =           0.0000     STORAGE                          
                 WEL =    85486074.2188                   WEL =       26893.4371     AG_PUMP                          
                 GHB =      357011.7637                   GHB =          43.4695     GHB_FAULTS                       
                 RCH =           0.0000                   RCH =           0.0000     SB_RCH                           
                 EVT =    10857822.0333                   EVT =        2184.1915     LAKE_EVT                         

           TOTAL OUT =    96700908.0159             TOTAL OUT =       29121.0982

            IN - OUT =       13646.9653              IN - OUT =           4.4819

 PERCENT DISCREPANCY =           0.01     PERCENT DISCREPANCY =           0.02




         TIME SUMMARY AT END OF TIME STEP    2 IN STRESS PERIOD   14
                    SECONDS     MINUTES      HOURS       DAYS        YEARS
                    -----------------------------------------------------------
   TIME STEP LENGTH 7.88940E+06 1.31490E+05  2191.5      91.312     0.25000    
 STRESS PERIOD TIME 1.57788E+07 2.62980E+05  4383.0      182.62     0.50000    
         TOTAL TIME 4.26028E+08 7.10046E+06 1.18341E+05  4930.9      13.500    


end timestep


start timestep kper="14" kstp="3" mode="normal"



  VOLUME BUDGET FOR ENTIRE MODEL AT END OF TIME STEP    3, STRESS PERIOD  14
  ---------------------------------------------------------------------------------------------------

     CUMULATIVE VOLUME      L**3       RATES FOR THIS TIME STEP      L**3/T          PACKAGE NAME    
     ------------------                 ------------------------                     ----------------

           IN:                                      IN:
           ---                                      ---
              STO-SS =    21825033.2221                STO-SS =        2729.0530     STORAGE                          
              STO-SY =    65998644.7586                STO-SY =       24083.9740     STORAGE                          
                 WEL =           0.0000                   WEL =           0.0000     AG_PUMP                          
                 GHB =       17046.1688                   GHB =          12.6056     GHB_FAULTS                       
                 RCH =    11533038.0065                   RCH =        2296.4172     SB_RCH                           
                 EVT =           0.0000                   EVT =           0.0000     LAKE_EVT                         

            TOTAL IN =    99373762.1560              TOTAL IN =       29122.0498

          OUT:                                     OUT:
          ----                                     ----
              STO-SS =           0.0000                STO-SS =           0.0000     STORAGE                          
              STO-SY =           0.0000                STO-SY =           0.0000     STORAGE                          
                 WEL =    87941781.1985                   WEL =       26893.4371     AG_PUMP                          
                 GHB =      360917.9475                   GHB =          42.7782     GHB_FAULTS                       
                 RCH =           0.0000                   RCH =           0.0000     SB_RCH                           
                 EVT =    11057266.0179                   EVT =        2184.1915     LAKE_EVT                         

           TOTAL OUT =    99359965.1639             TOTAL OUT =       29120.4068

            IN - OUT =       13796.9921              IN - OUT =           1.6430

 PERCENT DISCREPANCY =           0.01     PERCENT DISCREPANCY =           0.01




         TIME SUMMARY AT END OF TIME STEP    3 IN STRESS PERIOD   14
                    SECONDS     MINUTES      HOURS       DAYS        YEARS
                    -----------------------------------------------------------
   TIME STEP LENGTH 7.88940E+06 1.31490E+05  2191.5      91.312     0.25000    
 STRESS PERIOD TIME 2.36682E+07 3.94470E+05  6574.5      273.94     0.75000    
         TOTAL TIME 4.33917E+08 7.23195E+06 1.20532E+05  5022.2      13.750    


end timestep


start timestep kper="14" kstp="4" mode="normal"

 UBDSV1 SAVING           STO-SS ON UNIT   1024 AT TIME STEP      4, STRESS PERIOD     14
 UBDSV1 SAVING           STO-SY ON UNIT   1024 AT TIME STEP      4, STRESS PERIOD     14
 UBDSV1 SAVING     FLOW-JA-FACE ON UNIT   1024 AT TIME STEP      4, STRESS PERIOD     14
 UBDSV06 SAVING       DATA-SPDIS IN MODEL LV_SIMPLE        PACKAGE NPF             CONNECTED TO MODEL LV_SIMPLE        PACKAGE NPF              ON UNIT   1024 AT TIME STEP      4, STRESS PERIOD     14
 UBDSV06 SAVING              WEL IN MODEL LV_SIMPLE        PACKAGE LV_SIMPLE       CONNECTED TO MODEL LV_SIMPLE        PACKAGE AG_PUMP          ON UNIT   1024 AT TIME STEP      4, STRESS PERIOD     14
 UBDSV06 SAVING              GHB IN MODEL LV_SIMPLE        PACKAGE LV_SIMPLE       CONNECTED TO MODEL LV_SIMPLE        PACKAGE GHB_FAULTS       ON UNIT   1024 AT TIME STEP      4, STRESS PERIOD     14
 UBDSV06 SAVING              RCH IN MODEL LV_SIMPLE        PACKAGE LV_SIMPLE       CONNECTED TO MODEL LV_SIMPLE        PACKAGE SB_RCH           ON UNIT   1024 AT TIME STEP      4, STRESS PERIOD     14
 UBDSV06 SAVING              EVT IN MODEL LV_SIMPLE        PACKAGE LV_SIMPLE       CONNECTED TO MODEL LV_SIMPLE        PACKAGE LAKE_EVT         ON UNIT   1024 AT TIME STEP      4, STRESS PERIOD     14

 HEAD WILL BE SAVED ON UNIT 1025 AT END OF TIME STEP    4, STRESS PERIOD   14


  VOLUME BUDGET FOR ENTIRE MODEL AT END OF TIME STEP    4, STRESS PERIOD  14
  ---------------------------------------------------------------------------------------------------

     CUMULATIVE VOLUME      L**3       RATES FOR THIS TIME STEP      L**3/T          PACKAGE NAME    
     ------------------                 ------------------------                     ----------------

           IN:                                      IN:
           ---                                      ---
              STO-SS =    22072470.8094                STO-SS =        2709.7888     STORAGE                          
              STO-SY =    68199581.7189                STO-SY =       24103.3480     STORAGE                          
                 WEL =           0.0000                   WEL =           0.0000     AG_PUMP                          
                 GHB =       18228.7462                   GHB =          12.9509     GHB_FAULTS                       
                 RCH =    11742729.6066                   RCH =        2296.4172     SB_RCH                           
                 EVT =           0.0000                   EVT =           0.0000     LAKE_EVT                         

            TOTAL IN =   102033010.8811              TOTAL IN =       29122.5049

          OUT:                                     OUT:
          ----                                     ----
              STO-SS =           0.0000                STO-SS =           0.0000     STORAGE                          
              STO-SY =           0.0000                STO-SY =           0.0000     STORAGE                          
                 WEL =    90397488.1781                   WEL =       26893.4371     AG_PUMP                          
                 GHB =      364761.4455                   GHB =          42.0917     GHB_FAULTS                       
                 RCH =           0.0000                   RCH =           0.0000     SB_RCH                           
                 EVT =    11256710.0026                   EVT =        2184.1915     LAKE_EVT                         

           TOTAL OUT =   102018959.6261             TOTAL OUT =       29119.7203

            IN - OUT =       14051.2549              IN - OUT =           2.7845

 PERCENT DISCREPANCY =           0.01     PERCENT DISCREPANCY =           0.01




         TIME SUMMARY AT END OF TIME STEP    4 IN STRESS PERIOD   14
                    SECONDS     MINUTES      HOURS       DAYS        YEARS
                    -----------------------------------------------------------
   TIME STEP LENGTH 7.88940E+06 1.31490E+05  2191.5      91.312     0.25000    
 STRESS PERIOD TIME 3.15576E+07 5.25960E+05  8766.0      365.25      1.0000    
         TOTAL TIME 4.41806E+08 7.36344E+06 1.22724E+05  5113.5      14.000    


end timestep


start timestep kper="15" kstp="1" mode="normal"


 REUSING HFBS FROM LAST STRESS PERIOD

 BEGIN READING OUTPUT CONTROL FOR STRESS PERIOD 15
      THE LAST TIME STEP WILL BE SAVED
      THE LAST TIME STEP WILL BE SAVED
      ALL TIME STEPS WILL BE PRINTED

 END READING OUTPUT CONTROL FOR STRESS PERIOD 15


  VOLUME BUDGET FOR ENTIRE MODEL AT END OF TIME STEP    1, STRESS PERIOD  15
  ---------------------------------------------------------------------------------------------------

     CUMULATIVE VOLUME      L**3       RATES FOR THIS TIME STEP      L**3/T          PACKAGE NAME    
     ------------------                 ------------------------                     ----------------

           IN:                                      IN:
           ---                                      ---
              STO-SS =    22318712.0370                STO-SS =        2696.6870     STORAGE                          
              STO-SY =    70406850.3285                STO-SY =       24172.6884     STORAGE                          
                 WEL =           0.0000                   WEL =           0.0000     AG_PUMP                          
                 GHB =       19442.1712                   GHB =          13.2887     GHB_FAULTS                       
                 RCH =    11952421.2067                   RCH =        2296.4172     SB_RCH                           
                 EVT =           0.0000                   EVT =           0.0000     LAKE_EVT                         

            TOTAL IN =   104697425.7433              TOTAL IN =       29179.0813

          OUT:                                     OUT:
          ----                                     ----
              STO-SS =           0.0000                STO-SS =           0.0000     STORAGE                          
              STO-SY =           0.0000                STO-SY =           0.0000     STORAGE                          
                 WEL =    92853180.2639                   WEL =       26893.2740     AG_PUMP                          
                 GHB =      368542.3791                   GHB =          41.4065     GHB_FAULTS                       
                 RCH =           0.0000                   RCH =           0.0000     SB_RCH                           
                 EVT =    11461265.1272                   EVT =        2240.1656     LAKE_EVT                         

           TOTAL OUT =   104682987.7702             TOTAL OUT =       29174.8462

            IN - OUT =       14437.9731              IN - OUT =           4.2351

 PERCENT DISCREPANCY =           0.01     PERCENT DISCREPANCY =           0.01




         TIME SUMMARY AT END OF TIME STEP    1 IN STRESS PERIOD   15
                    SECONDS     MINUTES      HOURS       DAYS        YEARS
                    -----------------------------------------------------------
   TIME STEP LENGTH 7.88940E+06 1.31490E+05  2191.5      91.312     0.25000    
 STRESS PERIOD TIME 7.88940E+06 1.31490E+05  2191.5      91.312     0.25000    
         TOTAL TIME 4.49696E+08 7.49493E+06 1.24916E+05  5204.8      14.250    


end timestep


start timestep kper="15" kstp="2" mode="normal"



  VOLUME BUDGET FOR ENTIRE MODEL AT END OF TIME STEP    2, STRESS PERIOD  15
  ---------------------------------------------------------------------------------------------------

     CUMULATIVE VOLUME      L**3       RATES FOR THIS TIME STEP      L**3/T          PACKAGE NAME    
     ------------------                 ------------------------                     ----------------

           IN:                                      IN:
           ---                                      ---
              STO-SS =    22555520.9298                STO-SS =        2593.3897     STORAGE                          
              STO-SY =    72623634.3394                STO-SY =       24276.8954     STORAGE                          
                 WEL =           0.0000                   WEL =           0.0000     AG_PUMP                          
                 GHB =       20685.1129                   GHB =          13.6120     GHB_FAULTS                       
                 RCH =    12162112.8068                   RCH =        2296.4172     SB_RCH                           
                 EVT =           0.0000                   EVT =           0.0000     LAKE_EVT                         

            TOTAL IN =   107361953.1889              TOTAL IN =       29180.3143

          OUT:                                     OUT:
          ----                                     ----
              STO-SS =           0.0000                STO-SS =           0.0000     STORAGE                          
              STO-SY =           0.0000                STO-SY =           0.0000     STORAGE                          
                 WEL =    95308872.3496                   WEL =       26893.2740     AG_PUMP                          
                 GHB =      372261.1333                   GHB =          40.7256     GHB_FAULTS                       
                 RCH =           0.0000                   RCH =           0.0000     SB_RCH                           
                 EVT =    11665820.2519                   EVT =        2240.1656     LAKE_EVT                         

           TOTAL OUT =   107346953.7348             TOTAL OUT =       29174.1653

            IN - OUT =       14999.4541              IN - OUT =           6.1490

 PERCENT DISCREPANCY =           0.01     PERCENT DISCREPANCY =           0.02




         TIME SUMMARY AT END OF TIME STEP    2 IN STRESS PERIOD   15
                    SECONDS     MINUTES      HOURS       DAYS        YEARS
                    -----------------------------------------------------------
   TIME STEP LENGTH 7.88940E+06 1.31490E+05  2191.5      91.312     0.25000    
 STRESS PERIOD TIME 1.57788E+07 2.62980E+05  4383.0      182.62     0.50000    
         TOTAL TIME 4.57585E+08 7.62642E+06 1.27107E+05  5296.1      14.500    


end timestep


start timestep kper="15" kstp="3" mode="normal"



  VOLUME BUDGET FOR ENTIRE MODEL AT END OF TIME STEP    3, STRESS PERIOD  15
  ---------------------------------------------------------------------------------------------------

     CUMULATIVE VOLUME      L**3       RATES FOR THIS TIME STEP      L**3/T          PACKAGE NAME    
     ------------------                 ------------------------                     ----------------

           IN:                                      IN:
           ---                                      ---
              STO-SS =    22787773.8650                STO-SS =        2543.4955     STORAGE                          
              STO-SY =    74844772.3072                STO-SY =       24324.5773     STORAGE                          
                 WEL =           0.0000                   WEL =           0.0000     AG_PUMP                          
                 GHB =       21956.8996                   GHB =          13.9278     GHB_FAULTS                       
                 RCH =    12371804.4070                   RCH =        2296.4172     SB_RCH                           
                 EVT =           0.0000                   EVT =           0.0000     LAKE_EVT                         

            TOTAL IN =   110026307.4788              TOTAL IN =       29178.4180

          OUT:                                     OUT:
          ----                                     ----
              STO-SS =           0.0000                STO-SS =           0.0000     STORAGE                          
              STO-SY =           0.0000                STO-SY =           0.0000     STORAGE                          
                 WEL =    97764564.4353                   WEL =       26893.2740     AG_PUMP                          
                 GHB =      375918.0318                   GHB =          40.0482     GHB_FAULTS                       
                 RCH =           0.0000                   RCH =           0.0000     SB_RCH                           
                 EVT =    11870375.3766                   EVT =        2240.1656     LAKE_EVT                         

           TOTAL OUT =   110010857.8438             TOTAL OUT =       29173.4878

            IN - OUT =       15449.6350              IN - OUT =           4.9301

 PERCENT DISCREPANCY =           0.01     PERCENT DISCREPANCY =           0.02




         TIME SUMMARY AT END OF TIME STEP    3 IN STRESS PERIOD   15
                    SECONDS     MINUTES      HOURS       DAYS        YEARS
                    -----------------------------------------------------------
   TIME STEP LENGTH 7.88940E+06 1.31490E+05  2191.5      91.312     0.25000    
 STRESS PERIOD TIME 2.36682E+07 3.94470E+05  6574.5      273.94     0.75000    
         TOTAL TIME 4.65475E+08 7.75791E+06 1.29298E+05  5387.4      14.750    


end timestep


start timestep kper="15" kstp="4" mode="normal"

 UBDSV1 SAVING           STO-SS ON UNIT   1024 AT TIME STEP      4, STRESS PERIOD     15
 UBDSV1 SAVING           STO-SY ON UNIT   1024 AT TIME STEP      4, STRESS PERIOD     15
 UBDSV1 SAVING     FLOW-JA-FACE ON UNIT   1024 AT TIME STEP      4, STRESS PERIOD     15
 UBDSV06 SAVING       DATA-SPDIS IN MODEL LV_SIMPLE        PACKAGE NPF             CONNECTED TO MODEL LV_SIMPLE        PACKAGE NPF              ON UNIT   1024 AT TIME STEP      4, STRESS PERIOD     15
 UBDSV06 SAVING              WEL IN MODEL LV_SIMPLE        PACKAGE LV_SIMPLE       CONNECTED TO MODEL LV_SIMPLE        PACKAGE AG_PUMP          ON UNIT   1024 AT TIME STEP      4, STRESS PERIOD     15
 UBDSV06 SAVING              GHB IN MODEL LV_SIMPLE        PACKAGE LV_SIMPLE       CONNECTED TO MODEL LV_SIMPLE        PACKAGE GHB_FAULTS       ON UNIT   1024 AT TIME STEP      4, STRESS PERIOD     15
 UBDSV06 SAVING              RCH IN MODEL LV_SIMPLE        PACKAGE LV_SIMPLE       CONNECTED TO MODEL LV_SIMPLE        PACKAGE SB_RCH           ON UNIT   1024 AT TIME STEP      4, STRESS PERIOD     15
 UBDSV06 SAVING              EVT IN MODEL LV_SIMPLE        PACKAGE LV_SIMPLE       CONNECTED TO MODEL LV_SIMPLE        PACKAGE LAKE_EVT         ON UNIT   1024 AT TIME STEP      4, STRESS PERIOD     15

 HEAD WILL BE SAVED ON UNIT 1025 AT END OF TIME STEP    4, STRESS PERIOD   15


  VOLUME BUDGET FOR ENTIRE MODEL AT END OF TIME STEP    4, STRESS PERIOD  15
  ---------------------------------------------------------------------------------------------------

     CUMULATIVE VOLUME      L**3       RATES FOR THIS TIME STEP      L**3/T          PACKAGE NAME    
     ------------------                 ------------------------                     ----------------

           IN:                                      IN:
           ---                                      ---
              STO-SS =    23016480.0480                STO-SS =        2504.6536     STORAGE                          
              STO-SY =    77069286.1008                STO-SY =       24361.5474     STORAGE                          
                 WEL =           0.0000                   WEL =           0.0000     AG_PUMP                          
                 GHB =       23257.1067                   GHB =          14.2391     GHB_FAULTS                       
                 RCH =    12581496.0071                   RCH =        2296.4172     SB_RCH                           
                 EVT =           0.0000                   EVT =           0.0000     LAKE_EVT                         

            TOTAL IN =   112690519.2626              TOTAL IN =       29176.8573

          OUT:                                     OUT:
          ----                                     ----
              STO-SS =           0.0000                STO-SS =           0.0000     STORAGE                          
              STO-SY =           0.0000                STO-SY =           0.0000     STORAGE                          
                 WEL =   100220256.5211                   WEL =       26893.2740     AG_PUMP                          
                 GHB =      379513.3535                   GHB =          39.3738     GHB_FAULTS                       
                 RCH =           0.0000                   RCH =           0.0000     SB_RCH                           
                 EVT =    12074930.5013                   EVT =        2240.1656     LAKE_EVT                         

           TOTAL OUT =   112674700.3759             TOTAL OUT =       29172.8135

            IN - OUT =       15818.8867              IN - OUT =           4.0438

 PERCENT DISCREPANCY =           0.01     PERCENT DISCREPANCY =           0.01




         TIME SUMMARY AT END OF TIME STEP    4 IN STRESS PERIOD   15
                    SECONDS     MINUTES      HOURS       DAYS        YEARS
                    -----------------------------------------------------------
   TIME STEP LENGTH 7.88940E+06 1.31490E+05  2191.5      91.312     0.25000    
 STRESS PERIOD TIME 3.15576E+07 5.25960E+05  8766.0      365.25      1.0000    
         TOTAL TIME 4.73364E+08 7.88940E+06 1.31490E+05  5478.8      15.000    


end timestep


start timestep kper="16" kstp="1" mode="normal"


 REUSING HFBS FROM LAST STRESS PERIOD

 BEGIN READING OUTPUT CONTROL FOR STRESS PERIOD 16
      THE LAST TIME STEP WILL BE SAVED
      THE LAST TIME STEP WILL BE SAVED
      ALL TIME STEPS WILL BE PRINTED

 END READING OUTPUT CONTROL FOR STRESS PERIOD 16


  VOLUME BUDGET FOR ENTIRE MODEL AT END OF TIME STEP    1, STRESS PERIOD  16
  ---------------------------------------------------------------------------------------------------

     CUMULATIVE VOLUME      L**3       RATES FOR THIS TIME STEP      L**3/T          PACKAGE NAME    
     ------------------                 ------------------------                     ----------------

           IN:                                      IN:
           ---                                      ---
              STO-SS =    23067751.7360                STO-SS =         561.4969     STORAGE                          
              STO-SY =    78976785.9928                STO-SY =       20889.8003     STORAGE                          
                 WEL =           0.0000                   WEL =           0.0000     AG_PUMP                          
                 GHB =       24559.0189                   GHB =          14.2578     GHB_FAULTS                       
                 RCH =    12791187.6072                   RCH =        2296.4172     SB_RCH                           
                 EVT =           0.0000                   EVT =           0.0000     LAKE_EVT                         

            TOTAL IN =   114860284.3549              TOTAL IN =       23761.9723

          OUT:                                     OUT:
          ----                                     ----
              STO-SS =      135831.2439                STO-SS =        1487.5427     STORAGE                          
              STO-SY =         143.8485                STO-SY =           1.5753     STORAGE                          
                 WEL =   102056009.1220                   WEL =       20104.0668     AG_PUMP                          
                 GHB =      383104.5290                   GHB =          39.3284     GHB_FAULTS                       
                 RCH =           0.0000                   RCH =           0.0000     SB_RCH                           
                 EVT =    12269242.8135                   EVT =        2127.9925     LAKE_EVT                         

           TOTAL OUT =   114844331.5569             TOTAL OUT =       23760.5057

            IN - OUT =       15952.7980              IN - OUT =           1.4665

 PERCENT DISCREPANCY =           0.01     PERCENT DISCREPANCY =           0.01




         TIME SUMMARY AT END OF TIME STEP    1 IN STRESS PERIOD   16
                    SECONDS     MINUTES      HOURS       DAYS        YEARS
                    -----------------------------------------------------------
   TIME STEP LENGTH 7.88940E+06 1.31490E+05  2191.5      91.312     0.25000    
 STRESS PERIOD TIME 7.88940E+06 1.31490E+05  2191.5      91.312     0.25000    
         TOTAL TIME 4.81253E+08 8.02089E+06 1.33682E+05  5570.1      15.250    


end timestep


start timestep kper="16" kstp="2" mode="normal"



  VOLUME BUDGET FOR ENTIRE MODEL AT END OF TIME STEP    2, STRESS PERIOD  16
  ---------------------------------------------------------------------------------------------------

     CUMULATIVE VOLUME      L**3       RATES FOR THIS TIME STEP      L**3/T          PACKAGE NAME    
     ------------------                 ------------------------                     ----------------

           IN:                                      IN:
           ---                                      ---
              STO-SS =    23122216.7406                STO-SS =         596.4682     STORAGE                          
              STO-SY =    80757438.9341                STO-SY =       19500.6482     STORAGE                          
                 WEL =           0.0000                   WEL =           0.0000     AG_PUMP                          
                 GHB =       25867.4274                   GHB =          14.3289     GHB_FAULTS                       
                 RCH =    13000879.2073                   RCH =        2296.4172     SB_RCH                           
                 EVT =           0.0000                   EVT =           0.0000     LAKE_EVT                         

            TOTAL IN =   116906402.3094              TOTAL IN =       22407.8626

          OUT:                                     OUT:
          ----                                     ----
              STO-SS =      147885.6567                STO-SS =         132.0127     STORAGE                          
              STO-SY =         295.1387                STO-SY =           1.6568     STORAGE                          
                 WEL =   103891761.7230                   WEL =       20104.0668     AG_PUMP                          
                 GHB =      386667.3599                   GHB =          39.0180     GHB_FAULTS                       
                 RCH =           0.0000                   RCH =           0.0000     SB_RCH                           
                 EVT =    12463555.1257                   EVT =        2127.9925     LAKE_EVT                         

           TOTAL OUT =   116890165.0040             TOTAL OUT =       22404.7469

            IN - OUT =       16237.3054              IN - OUT =           3.1158

 PERCENT DISCREPANCY =           0.01     PERCENT DISCREPANCY =           0.01




         TIME SUMMARY AT END OF TIME STEP    2 IN STRESS PERIOD   16
                    SECONDS     MINUTES      HOURS       DAYS        YEARS
                    -----------------------------------------------------------
   TIME STEP LENGTH 7.88940E+06 1.31490E+05  2191.5      91.312     0.25000    
 STRESS PERIOD TIME 1.57788E+07 2.62980E+05  4383.0      182.62     0.50000    
         TOTAL TIME 4.89143E+08 8.15238E+06 1.35873E+05  5661.4      15.500    


end timestep


start timestep kper="16" kstp="3" mode="normal"



  VOLUME BUDGET FOR ENTIRE MODEL AT END OF TIME STEP    3, STRESS PERIOD  16
  ---------------------------------------------------------------------------------------------------

     CUMULATIVE VOLUME      L**3       RATES FOR THIS TIME STEP      L**3/T          PACKAGE NAME    
     ------------------                 ------------------------                     ----------------

           IN:                                      IN:
           ---                                      ---
              STO-SS =    23214147.6979                STO-SS =        1006.7730     STORAGE                          
              STO-SY =    82488086.4707                STO-SY =       18953.0189     STORAGE                          
                 WEL =           0.0000                   WEL =           0.0000     AG_PUMP                          
                 GHB =       27186.5849                   GHB =          14.4466     GHB_FAULTS                       
                 RCH =    13210570.8074                   RCH =        2296.4172     SB_RCH                           
                 EVT =           0.0000                   EVT =           0.0000     LAKE_EVT                         

            TOTAL IN =   118939991.5609              TOTAL IN =       22270.6557

          OUT:                                     OUT:
          ----                                     ----
              STO-SS =      147885.6567                STO-SS =           0.0000     STORAGE                          
              STO-SY =         295.1387                STO-SY =           0.0000     STORAGE                          
                 WEL =   105727514.3240                   WEL =       20104.0668     AG_PUMP                          
                 GHB =      390190.0297                   GHB =          38.5782     GHB_FAULTS                       
                 RCH =           0.0000                   RCH =           0.0000     SB_RCH                           
                 EVT =    12657867.4379                   EVT =        2127.9925     LAKE_EVT                         

           TOTAL OUT =   118923752.5869             TOTAL OUT =       22270.6375

            IN - OUT =       16238.9740              IN - OUT =       1.8274E-02

 PERCENT DISCREPANCY =           0.01     PERCENT DISCREPANCY =           0.00




         TIME SUMMARY AT END OF TIME STEP    3 IN STRESS PERIOD   16
                    SECONDS     MINUTES      HOURS       DAYS        YEARS
                    -----------------------------------------------------------
   TIME STEP LENGTH 7.88940E+06 1.31490E+05  2191.5      91.312     0.25000    
 STRESS PERIOD TIME 2.36682E+07 3.94470E+05  6574.5      273.94     0.75000    
         TOTAL TIME 4.97032E+08 8.28387E+06 1.38064E+05  5752.7      15.750    


end timestep


start timestep kper="16" kstp="4" mode="normal"

 UBDSV1 SAVING           STO-SS ON UNIT   1024 AT TIME STEP      4, STRESS PERIOD     16
 UBDSV1 SAVING           STO-SY ON UNIT   1024 AT TIME STEP      4, STRESS PERIOD     16
 UBDSV1 SAVING     FLOW-JA-FACE ON UNIT   1024 AT TIME STEP      4, STRESS PERIOD     16
 UBDSV06 SAVING       DATA-SPDIS IN MODEL LV_SIMPLE        PACKAGE NPF             CONNECTED TO MODEL LV_SIMPLE        PACKAGE NPF              ON UNIT   1024 AT TIME STEP      4, STRESS PERIOD     16
 UBDSV06 SAVING              WEL IN MODEL LV_SIMPLE        PACKAGE LV_SIMPLE       CONNECTED TO MODEL LV_SIMPLE        PACKAGE AG_PUMP          ON UNIT   1024 AT TIME STEP      4, STRESS PERIOD     16
 UBDSV06 SAVING              GHB IN MODEL LV_SIMPLE        PACKAGE LV_SIMPLE       CONNECTED TO MODEL LV_SIMPLE        PACKAGE GHB_FAULTS       ON UNIT   1024 AT TIME STEP      4, STRESS PERIOD     16
 UBDSV06 SAVING              RCH IN MODEL LV_SIMPLE        PACKAGE LV_SIMPLE       CONNECTED TO MODEL LV_SIMPLE        PACKAGE SB_RCH           ON UNIT   1024 AT TIME STEP      4, STRESS PERIOD     16
 UBDSV06 SAVING              EVT IN MODEL LV_SIMPLE        PACKAGE LV_SIMPLE       CONNECTED TO MODEL LV_SIMPLE        PACKAGE LAKE_EVT         ON UNIT   1024 AT TIME STEP      4, STRESS PERIOD     16

 HEAD WILL BE SAVED ON UNIT 1025 AT END OF TIME STEP    4, STRESS PERIOD   16


  VOLUME BUDGET FOR ENTIRE MODEL AT END OF TIME STEP    4, STRESS PERIOD  16
  ---------------------------------------------------------------------------------------------------

     CUMULATIVE VOLUME      L**3       RATES FOR THIS TIME STEP      L**3/T          PACKAGE NAME    
     ------------------                 ------------------------                     ----------------

           IN:                                      IN:
           ---                                      ---
              STO-SS =    23327219.0530                STO-SS =        1238.2900     STORAGE                          
              STO-SY =    84197259.3031                STO-SY =       18717.8407     STORAGE                          
                 WEL =           0.0000                   WEL =           0.0000     AG_PUMP                          
                 GHB =       28518.7035                   GHB =          14.5886     GHB_FAULTS                       
                 RCH =    13420262.4075                   RCH =        2296.4172     SB_RCH                           
                 EVT =           0.0000                   EVT =           0.0000     LAKE_EVT                         

            TOTAL IN =   120973259.4672              TOTAL IN =       22267.1366

          OUT:                                     OUT:
          ----                                     ----
              STO-SS =      147885.6567                STO-SS =           0.0000     STORAGE                          
              STO-SY =         295.1387                STO-SY =           0.0000     STORAGE                          
                 WEL =   107563266.9249                   WEL =       20104.0668     AG_PUMP                          
                 GHB =      393667.5615                   GHB =          38.0839     GHB_FAULTS                       
                 RCH =           0.0000                   RCH =           0.0000     SB_RCH                           
                 EVT =    12852179.7501                   EVT =        2127.9925     LAKE_EVT                         

           TOTAL OUT =   120957295.0319             TOTAL OUT =       22270.1431

            IN - OUT =       15964.4352              IN - OUT =          -3.0066

 PERCENT DISCREPANCY =           0.01     PERCENT DISCREPANCY =          -0.01




         TIME SUMMARY AT END OF TIME STEP    4 IN STRESS PERIOD   16
                    SECONDS     MINUTES      HOURS       DAYS        YEARS
                    -----------------------------------------------------------
   TIME STEP LENGTH 7.88940E+06 1.31490E+05  2191.5      91.312     0.25000    
 STRESS PERIOD TIME 3.15576E+07 5.25960E+05  8766.0      365.25      1.0000    
         TOTAL TIME 5.04922E+08 8.41536E+06 1.40256E+05  5844.0      16.000    


end timestep


start timestep kper="17" kstp="1" mode="normal"


 REUSING HFBS FROM LAST STRESS PERIOD

 BEGIN READING OUTPUT CONTROL FOR STRESS PERIOD 17
      THE LAST TIME STEP WILL BE SAVED
      THE LAST TIME STEP WILL BE SAVED
      ALL TIME STEPS WILL BE PRINTED

 END READING OUTPUT CONTROL FOR STRESS PERIOD 17


  VOLUME BUDGET FOR ENTIRE MODEL AT END OF TIME STEP    1, STRESS PERIOD  17
  ---------------------------------------------------------------------------------------------------

     CUMULATIVE VOLUME      L**3       RATES FOR THIS TIME STEP      L**3/T          PACKAGE NAME    
     ------------------                 ------------------------                     ----------------

           IN:                                      IN:
           ---                                      ---
              STO-SS =    23452255.1096                STO-SS =        1369.3203     STORAGE                          
              STO-SY =    85897128.9183                STO-SY =       18615.9575     STORAGE                          
                 WEL =           0.0000                   WEL =           0.0000     AG_PUMP                          
                 GHB =       29865.2090                   GHB =          14.7461     GHB_FAULTS                       
                 RCH =    13629954.0077                   RCH =        2296.4172     SB_RCH                           
                 EVT =           0.0000                   EVT =           0.0000     LAKE_EVT                         

            TOTAL IN =   123009203.2445              TOTAL IN =       22296.4411

          OUT:                                     OUT:
          ----                                     ----
              STO-SS =      147885.6567                STO-SS =           0.0000     STORAGE                          
              STO-SY =         295.1387                STO-SY =           0.0000     STORAGE                          
                 WEL =   109399065.8528                   WEL =       20104.5742     AG_PUMP                          
                 GHB =      397097.8509                   GHB =          37.5665     GHB_FAULTS                       
                 RCH =           0.0000                   RCH =           0.0000     SB_RCH                           
                 EVT =    13048926.1571                   EVT =        2154.6492     LAKE_EVT                         

           TOTAL OUT =   122993270.6561             TOTAL OUT =       22296.7899

            IN - OUT =       15932.5884              IN - OUT =          -0.3488

 PERCENT DISCREPANCY =           0.01     PERCENT DISCREPANCY =          -0.00




         TIME SUMMARY AT END OF TIME STEP    1 IN STRESS PERIOD   17
                    SECONDS     MINUTES      HOURS       DAYS        YEARS
                    -----------------------------------------------------------
   TIME STEP LENGTH 7.88940E+06 1.31490E+05  2191.5      91.312     0.25000    
 STRESS PERIOD TIME 7.88940E+06 1.31490E+05  2191.5      91.312     0.25000    
         TOTAL TIME 5.12811E+08 8.54685E+06 1.42448E+05  5935.3      16.250    


end timestep


start timestep kper="17" kstp="2" mode="normal"



  VOLUME BUDGET FOR ENTIRE MODEL AT END OF TIME STEP    2, STRESS PERIOD  17
  ---------------------------------------------------------------------------------------------------

     CUMULATIVE VOLUME      L**3       RATES FOR THIS TIME STEP      L**3/T          PACKAGE NAME    
     ------------------                 ------------------------                     ----------------

           IN:                                      IN:
           ---                                      ---
              STO-SS =    23581374.3811                STO-SS =        1414.0372     STORAGE                          
              STO-SY =    87593112.9736                STO-SY =       18573.4051     STORAGE                          
                 WEL =           0.0000                   WEL =           0.0000     AG_PUMP                          
                 GHB =       31226.4971                   GHB =          14.9080     GHB_FAULTS                       
                 RCH =    13839645.6078                   RCH =        2296.4172     SB_RCH                           
                 EVT =           0.0000                   EVT =           0.0000     LAKE_EVT                         

            TOTAL IN =   125045359.4596              TOTAL IN =       22298.7676

          OUT:                                     OUT:
          ----                                     ----
              STO-SS =      147885.6567                STO-SS =           0.0000     STORAGE                          
              STO-SY =         295.1387                STO-SY =           0.0000     STORAGE                          
                 WEL =   111234864.7806                   WEL =       20104.5742     AG_PUMP                          
                 GHB =      400480.0996                   GHB =          37.0404     GHB_FAULTS                       
                 RCH =           0.0000                   RCH =           0.0000     SB_RCH                           
                 EVT =    13245672.5641                   EVT =        2154.6492     LAKE_EVT                         

           TOTAL OUT =   125029198.2397             TOTAL OUT =       22296.2637

            IN - OUT =       16161.2199              IN - OUT =           2.5038

 PERCENT DISCREPANCY =           0.01     PERCENT DISCREPANCY =           0.01




         TIME SUMMARY AT END OF TIME STEP    2 IN STRESS PERIOD   17
                    SECONDS     MINUTES      HOURS       DAYS        YEARS
                    -----------------------------------------------------------
   TIME STEP LENGTH 7.88940E+06 1.31490E+05  2191.5      91.312     0.25000    
 STRESS PERIOD TIME 1.57788E+07 2.62980E+05  4383.0      182.62     0.50000    
         TOTAL TIME 5.20700E+08 8.67834E+06 1.44639E+05  6026.6      16.500    


end timestep


start timestep kper="17" kstp="3" mode="normal"



  VOLUME BUDGET FOR ENTIRE MODEL AT END OF TIME STEP    3, STRESS PERIOD  17
  ---------------------------------------------------------------------------------------------------

     CUMULATIVE VOLUME      L**3       RATES FOR THIS TIME STEP      L**3/T          PACKAGE NAME    
     ------------------                 ------------------------                     ----------------

           IN:                                      IN:
           ---                                      ---
              STO-SS =    23712468.1703                STO-SS =        1435.6609     STORAGE                          
              STO-SY =    89286539.0261                STO-SY =       18545.3914     STORAGE                          
                 WEL =           0.0000                   WEL =           0.0000     AG_PUMP                          
                 GHB =       32602.7703                   GHB =          15.0721     GHB_FAULTS                       
                 RCH =    14049337.2079                   RCH =        2296.4172     SB_RCH                           
                 EVT =           0.0000                   EVT =           0.0000     LAKE_EVT                         

            TOTAL IN =   127080947.1745              TOTAL IN =       22292.5417

          OUT:                                     OUT:
          ----                                     ----
              STO-SS =      147885.6567                STO-SS =           0.0000     STORAGE                          
              STO-SY =         295.1387                STO-SY =           0.0000     STORAGE                          
                 WEL =   113070663.7085                   WEL =       20104.5742     AG_PUMP                          
                 GHB =      403814.0702                   GHB =          36.5117     GHB_FAULTS                       
                 RCH =           0.0000                   RCH =           0.0000     SB_RCH                           
                 EVT =    13442418.9710                   EVT =        2154.6492     LAKE_EVT                         

           TOTAL OUT =   127065077.5451             TOTAL OUT =       22295.7350

            IN - OUT =       15869.6295              IN - OUT =          -3.1933

 PERCENT DISCREPANCY =           0.01     PERCENT DISCREPANCY =          -0.01




         TIME SUMMARY AT END OF TIME STEP    3 IN STRESS PERIOD   17
                    SECONDS     MINUTES      HOURS       DAYS        YEARS
                    -----------------------------------------------------------
   TIME STEP LENGTH 7.88940E+06 1.31490E+05  2191.5      91.312     0.25000    
 STRESS PERIOD TIME 2.36682E+07 3.94470E+05  6574.5      273.94     0.75000    
         TOTAL TIME 5.28590E+08 8.80983E+06 1.46830E+05  6117.9      16.750    


end timestep


start timestep kper="17" kstp="4" mode="normal"

 UBDSV1 SAVING           STO-SS ON UNIT   1024 AT TIME STEP      4, STRESS PERIOD     17
 UBDSV1 SAVING           STO-SY ON UNIT   1024 AT TIME STEP      4, STRESS PERIOD     17
 UBDSV1 SAVING     FLOW-JA-FACE ON UNIT   1024 AT TIME STEP      4, STRESS PERIOD     17
 UBDSV06 SAVING       DATA-SPDIS IN MODEL LV_SIMPLE        PACKAGE NPF             CONNECTED TO MODEL LV_SIMPLE        PACKAGE NPF              ON UNIT   1024 AT TIME STEP      4, STRESS PERIOD     17
 UBDSV06 SAVING              WEL IN MODEL LV_SIMPLE        PACKAGE LV_SIMPLE       CONNECTED TO MODEL LV_SIMPLE        PACKAGE AG_PUMP          ON UNIT   1024 AT TIME STEP      4, STRESS PERIOD     17
 UBDSV06 SAVING              GHB IN MODEL LV_SIMPLE        PACKAGE LV_SIMPLE       CONNECTED TO MODEL LV_SIMPLE        PACKAGE GHB_FAULTS       ON UNIT   1024 AT TIME STEP      4, STRESS PERIOD     17
 UBDSV06 SAVING              RCH IN MODEL LV_SIMPLE        PACKAGE LV_SIMPLE       CONNECTED TO MODEL LV_SIMPLE        PACKAGE SB_RCH           ON UNIT   1024 AT TIME STEP      4, STRESS PERIOD     17
 UBDSV06 SAVING              EVT IN MODEL LV_SIMPLE        PACKAGE LV_SIMPLE       CONNECTED TO MODEL LV_SIMPLE        PACKAGE LAKE_EVT         ON UNIT   1024 AT TIME STEP      4, STRESS PERIOD     17

 HEAD WILL BE SAVED ON UNIT 1025 AT END OF TIME STEP    4, STRESS PERIOD   17


  VOLUME BUDGET FOR ENTIRE MODEL AT END OF TIME STEP    4, STRESS PERIOD  17
  ---------------------------------------------------------------------------------------------------

     CUMULATIVE VOLUME      L**3       RATES FOR THIS TIME STEP      L**3/T          PACKAGE NAME    
     ------------------                 ------------------------                     ----------------

           IN:                                      IN:
           ---                                      ---
              STO-SS =    23845722.7588                STO-SS =        1459.3247     STORAGE                          
              STO-SY =    90978139.9894                STO-SY =       18525.4041     STORAGE                          
                 WEL =           0.0000                   WEL =           0.0000     AG_PUMP                          
                 GHB =       33994.3319                   GHB =          15.2396     GHB_FAULTS                       
                 RCH =    14259028.8080                   RCH =        2296.4172     SB_RCH                           
                 EVT =           0.0000                   EVT =           0.0000     LAKE_EVT                         

            TOTAL IN =   129116885.8881              TOTAL IN =       22296.3856

          OUT:                                     OUT:
          ----                                     ----
              STO-SS =      147885.6567                STO-SS =           0.0000     STORAGE                          
              STO-SY =         295.1387                STO-SY =           0.0000     STORAGE                          
                 WEL =   114906462.6364                   WEL =       20104.5742     AG_PUMP                          
                 GHB =      407099.7251                   GHB =          35.9825     GHB_FAULTS                       
                 RCH =           0.0000                   RCH =           0.0000     SB_RCH                           
                 EVT =    13639165.3780                   EVT =        2154.6492     LAKE_EVT                         

           TOTAL OUT =   129100908.5348             TOTAL OUT =       22295.2059

            IN - OUT =       15977.3532              IN - OUT =           1.1797

 PERCENT DISCREPANCY =           0.01     PERCENT DISCREPANCY =           0.01




         TIME SUMMARY AT END OF TIME STEP    4 IN STRESS PERIOD   17
                    SECONDS     MINUTES      HOURS       DAYS        YEARS
                    -----------------------------------------------------------
   TIME STEP LENGTH 7.88940E+06 1.31490E+05  2191.5      91.312     0.25000    
 STRESS PERIOD TIME 3.15576E+07 5.25960E+05  8766.0      365.25      1.0000    
         TOTAL TIME 5.36479E+08 8.94132E+06 1.49022E+05  6209.2      17.000    


end timestep


start timestep kper="18" kstp="1" mode="normal"


 REUSING HFBS FROM LAST STRESS PERIOD

 BEGIN READING OUTPUT CONTROL FOR STRESS PERIOD 18
      THE LAST TIME STEP WILL BE SAVED
      THE LAST TIME STEP WILL BE SAVED
      ALL TIME STEPS WILL BE PRINTED

 END READING OUTPUT CONTROL FOR STRESS PERIOD 18


  VOLUME BUDGET FOR ENTIRE MODEL AT END OF TIME STEP    1, STRESS PERIOD  18
  ---------------------------------------------------------------------------------------------------

     CUMULATIVE VOLUME      L**3       RATES FOR THIS TIME STEP      L**3/T          PACKAGE NAME    
     ------------------                 ------------------------                     ----------------

           IN:                                      IN:
           ---                                      ---
              STO-SS =    23979509.7751                STO-SS =        1465.1556     STORAGE                          
              STO-SY =    92668858.3666                STO-SY =       18515.7386     STORAGE                          
                 WEL =           0.0000                   WEL =           0.0000     AG_PUMP                          
                 GHB =       35401.3193                   GHB =          15.4085     GHB_FAULTS                       
                 RCH =    14468720.4081                   RCH =        2296.4172     SB_RCH                           
                 EVT =           0.0000                   EVT =           0.0000     LAKE_EVT                         

            TOTAL IN =   131152489.8692              TOTAL IN =       22292.7198

          OUT:                                     OUT:
          ----                                     ----
              STO-SS =      147885.6567                STO-SS =           0.0000     STORAGE                          
              STO-SY =         295.1387                STO-SY =           0.0000     STORAGE                          
                 WEL =   116742275.1779                   WEL =       20104.7232     AG_PUMP                          
                 GHB =      410337.1745                   GHB =          35.4546     GHB_FAULTS                       
                 RCH =           0.0000                   RCH =           0.0000     SB_RCH                           
                 EVT =    13835530.8155                   EVT =        2150.4771     LAKE_EVT                         

           TOTAL OUT =   131136323.9632             TOTAL OUT =       22290.6549

            IN - OUT =       16165.9060              IN - OUT =           2.0649

 PERCENT DISCREPANCY =           0.01     PERCENT DISCREPANCY =           0.01




         TIME SUMMARY AT END OF TIME STEP    1 IN STRESS PERIOD   18
                    SECONDS     MINUTES      HOURS       DAYS        YEARS
                    -----------------------------------------------------------
   TIME STEP LENGTH 7.88940E+06 1.31490E+05  2191.5      91.312     0.25000    
 STRESS PERIOD TIME 7.88940E+06 1.31490E+05  2191.5      91.312     0.25000    
         TOTAL TIME 5.44369E+08 9.07281E+06 1.51214E+05  6300.6      17.250    


end timestep


start timestep kper="18" kstp="2" mode="normal"



  VOLUME BUDGET FOR ENTIRE MODEL AT END OF TIME STEP    2, STRESS PERIOD  18
  ---------------------------------------------------------------------------------------------------

     CUMULATIVE VOLUME      L**3       RATES FOR THIS TIME STEP      L**3/T          PACKAGE NAME    
     ------------------                 ------------------------                     ----------------

           IN:                                      IN:
           ---                                      ---
              STO-SS =    24112526.2160                STO-SS =        1456.7167     STORAGE                          
              STO-SY =    94360038.5326                STO-SY =       18520.7958     STORAGE                          
                 WEL =           0.0000                   WEL =           0.0000     AG_PUMP                          
                 GHB =       36823.7283                   GHB =          15.5774     GHB_FAULTS                       
                 RCH =    14678412.0082                   RCH =        2296.4172     SB_RCH                           
                 EVT =           0.0000                   EVT =           0.0000     LAKE_EVT                         

            TOTAL IN =   133187800.4851              TOTAL IN =       22289.5071

          OUT:                                     OUT:
          ----                                     ----
              STO-SS =      147885.6567                STO-SS =           0.0000     STORAGE                          
              STO-SY =         295.1387                STO-SY =           0.0000     STORAGE                          
                 WEL =   118578087.7195                   WEL =       20104.7232     AG_PUMP                          
                 GHB =      413526.6694                   GHB =          34.9294     GHB_FAULTS                       
                 RCH =           0.0000                   RCH =           0.0000     SB_RCH                           
                 EVT =    14031896.2529                   EVT =        2150.4771     LAKE_EVT                         

           TOTAL OUT =   133171691.4371             TOTAL OUT =       22290.1298

            IN - OUT =       16109.0480              IN - OUT =          -0.6227

 PERCENT DISCREPANCY =           0.01     PERCENT DISCREPANCY =          -0.00




         TIME SUMMARY AT END OF TIME STEP    2 IN STRESS PERIOD   18
                    SECONDS     MINUTES      HOURS       DAYS        YEARS
                    -----------------------------------------------------------
   TIME STEP LENGTH 7.88940E+06 1.31490E+05  2191.5      91.312     0.25000    
 STRESS PERIOD TIME 1.57788E+07 2.62980E+05  4383.0      182.62     0.50000    
         TOTAL TIME 5.52258E+08 9.20430E+06 1.53405E+05  6391.9      17.500    


end timestep


start timestep kper="18" kstp="3" mode="normal"



  VOLUME BUDGET FOR ENTIRE MODEL AT END OF TIME STEP    3, STRESS PERIOD  18
  ---------------------------------------------------------------------------------------------------

     CUMULATIVE VOLUME      L**3       RATES FOR THIS TIME STEP      L**3/T          PACKAGE NAME    
     ------------------                 ------------------------                     ----------------

           IN:                                      IN:
           ---                                      ---
              STO-SS =    24246022.5060                STO-SS =        1461.9717     STORAGE                          
              STO-SY =    96050772.0363                STO-SY =       18515.9042     STORAGE                          
                 WEL =           0.0000                   WEL =           0.0000     AG_PUMP                          
                 GHB =       38261.8640                   GHB =          15.7496     GHB_FAULTS                       
                 RCH =    14888103.6084                   RCH =        2296.4172     SB_RCH                           
                 EVT =           0.0000                   EVT =           0.0000     LAKE_EVT                         

            TOTAL IN =   135223160.0146              TOTAL IN =       22290.0428

          OUT:                                     OUT:
          ----                                     ----
              STO-SS =      147885.6567                STO-SS =           0.0000     STORAGE                          
              STO-SY =         295.1387                STO-SY =           0.0000     STORAGE                          
                 WEL =   120413900.2610                   WEL =       20104.7232     AG_PUMP                          
                 GHB =      416668.6898                   GHB =          34.4095     GHB_FAULTS                       
                 RCH =           0.0000                   RCH =           0.0000     SB_RCH                           
                 EVT =    14228261.6904                   EVT =        2150.4771     LAKE_EVT                         

           TOTAL OUT =   135207011.4366             TOTAL OUT =       22289.6099

            IN - OUT =       16148.5781              IN - OUT =           0.4329

 PERCENT DISCREPANCY =           0.01     PERCENT DISCREPANCY =           0.00




         TIME SUMMARY AT END OF TIME STEP    3 IN STRESS PERIOD   18
                    SECONDS     MINUTES      HOURS       DAYS        YEARS
                    -----------------------------------------------------------
   TIME STEP LENGTH 7.88940E+06 1.31490E+05  2191.5      91.312     0.25000    
 STRESS PERIOD TIME 2.36682E+07 3.94470E+05  6574.5      273.94     0.75000    
         TOTAL TIME 5.60147E+08 9.33579E+06 1.55596E+05  6483.2      17.750    


end timestep


start timestep kper="18" kstp="4" mode="normal"

 UBDSV1 SAVING           STO-SS ON UNIT   1024 AT TIME STEP      4, STRESS PERIOD     18
 UBDSV1 SAVING           STO-SY ON UNIT   1024 AT TIME STEP      4, STRESS PERIOD     18
 UBDSV1 SAVING     FLOW-JA-FACE ON UNIT   1024 AT TIME STEP      4, STRESS PERIOD     18
 UBDSV06 SAVING       DATA-SPDIS IN MODEL LV_SIMPLE        PACKAGE NPF             CONNECTED TO MODEL LV_SIMPLE        PACKAGE NPF              ON UNIT   1024 AT TIME STEP      4, STRESS PERIOD     18
 UBDSV06 SAVING              WEL IN MODEL LV_SIMPLE        PACKAGE LV_SIMPLE       CONNECTED TO MODEL LV_SIMPLE        PACKAGE AG_PUMP          ON UNIT   1024 AT TIME STEP      4, STRESS PERIOD     18
 UBDSV06 SAVING              GHB IN MODEL LV_SIMPLE        PACKAGE LV_SIMPLE       CONNECTED TO MODEL LV_SIMPLE        PACKAGE GHB_FAULTS       ON UNIT   1024 AT TIME STEP      4, STRESS PERIOD     18
 UBDSV06 SAVING              RCH IN MODEL LV_SIMPLE        PACKAGE LV_SIMPLE       CONNECTED TO MODEL LV_SIMPLE        PACKAGE SB_RCH           ON UNIT   1024 AT TIME STEP      4, STRESS PERIOD     18
 UBDSV06 SAVING              EVT IN MODEL LV_SIMPLE        PACKAGE LV_SIMPLE       CONNECTED TO MODEL LV_SIMPLE        PACKAGE LAKE_EVT         ON UNIT   1024 AT TIME STEP      4, STRESS PERIOD     18

 HEAD WILL BE SAVED ON UNIT 1025 AT END OF TIME STEP    4, STRESS PERIOD   18


  VOLUME BUDGET FOR ENTIRE MODEL AT END OF TIME STEP    4, STRESS PERIOD  18
  ---------------------------------------------------------------------------------------------------

     CUMULATIVE VOLUME      L**3       RATES FOR THIS TIME STEP      L**3/T          PACKAGE NAME    
     ------------------                 ------------------------                     ----------------

           IN:                                      IN:
           ---                                      ---
              STO-SS =    24380214.2568                STO-SS =        1469.5880     STORAGE                          
              STO-SY =    97740716.6127                STO-SY =       18507.2644     STORAGE                          
                 WEL =           0.0000                   WEL =           0.0000     AG_PUMP                          
                 GHB =       39717.4630                   GHB =          15.9409     GHB_FAULTS                       
                 RCH =    15097795.2085                   RCH =        2296.4172     SB_RCH                           
                 EVT =           0.0000                   EVT =           0.0000     LAKE_EVT                         

            TOTAL IN =   137258443.5410              TOTAL IN =       22289.2104

          OUT:                                     OUT:
          ----                                     ----
              STO-SS =      147885.6567                STO-SS =           0.0000     STORAGE                          
              STO-SY =         295.1387                STO-SY =           0.0000     STORAGE                          
                 WEL =   122249712.8026                   WEL =       20104.7232     AG_PUMP                          
                 GHB =      419765.1008                   GHB =          33.9100     GHB_FAULTS                       
                 RCH =           0.0000                   RCH =           0.0000     SB_RCH                           
                 EVT =    14424627.1278                   EVT =        2150.4771     LAKE_EVT                         

           TOTAL OUT =   137242285.8265             TOTAL OUT =       22289.1104

            IN - OUT =       16157.7144              IN - OUT =           0.1001

 PERCENT DISCREPANCY =           0.01     PERCENT DISCREPANCY =           0.00




         TIME SUMMARY AT END OF TIME STEP    4 IN STRESS PERIOD   18
                    SECONDS     MINUTES      HOURS       DAYS        YEARS
                    -----------------------------------------------------------
   TIME STEP LENGTH 7.88940E+06 1.31490E+05  2191.5      91.312     0.25000    
 STRESS PERIOD TIME 3.15576E+07 5.25960E+05  8766.0      365.25      1.0000    
         TOTAL TIME 5.68037E+08 9.46728E+06 1.57788E+05  6574.5      18.000    


end timestep


start timestep kper="19" kstp="1" mode="normal"


 REUSING HFBS FROM LAST STRESS PERIOD

 BEGIN READING OUTPUT CONTROL FOR STRESS PERIOD 19
      THE LAST TIME STEP WILL BE SAVED
      THE LAST TIME STEP WILL BE SAVED
      ALL TIME STEPS WILL BE PRINTED

 END READING OUTPUT CONTROL FOR STRESS PERIOD 19


  VOLUME BUDGET FOR ENTIRE MODEL AT END OF TIME STEP    1, STRESS PERIOD  19
  ---------------------------------------------------------------------------------------------------

     CUMULATIVE VOLUME      L**3       RATES FOR THIS TIME STEP      L**3/T          PACKAGE NAME    
     ------------------                 ------------------------                     ----------------

           IN:                                      IN:
           ---                                      ---
              STO-SS =    24514733.0657                STO-SS =        1473.1697     STORAGE                          
              STO-SY =    99429605.2535                STO-SY =       18495.7004     STORAGE                          
                 WEL =           0.0000                   WEL =           0.0000     AG_PUMP                          
                 GHB =       41190.6443                   GHB =          16.1334     GHB_FAULTS                       
                 RCH =    15307486.8086                   RCH =        2296.4172     SB_RCH                           
                 EVT =           0.0000                   EVT =           0.0000     LAKE_EVT                         

            TOTAL IN =   139293015.7721              TOTAL IN =       22281.4207

          OUT:                                     OUT:
          ----                                     ----
              STO-SS =      147885.6567                STO-SS =           0.0000     STORAGE                          
              STO-SY =         295.1387                STO-SY =           0.0000     STORAGE                          
                 WEL =   124085537.3971                   WEL =       20104.8552     AG_PUMP                          
                 GHB =      422816.1839                   GHB =          33.4136     GHB_FAULTS                       
                 RCH =           0.0000                   RCH =           0.0000     SB_RCH                           
                 EVT =    14620694.8618                   EVT =        2147.2168     LAKE_EVT                         

           TOTAL OUT =   139277229.2381             TOTAL OUT =       22285.4857

            IN - OUT =       15786.5340              IN - OUT =          -4.0649

 PERCENT DISCREPANCY =           0.01     PERCENT DISCREPANCY =          -0.02




         TIME SUMMARY AT END OF TIME STEP    1 IN STRESS PERIOD   19
                    SECONDS     MINUTES      HOURS       DAYS        YEARS
                    -----------------------------------------------------------
   TIME STEP LENGTH 7.88940E+06 1.31490E+05  2191.5      91.312     0.25000    
 STRESS PERIOD TIME 7.88940E+06 1.31490E+05  2191.5      91.312     0.25000    
         TOTAL TIME 5.75926E+08 9.59877E+06 1.59980E+05  6665.8      18.250    


end timestep


start timestep kper="19" kstp="2" mode="normal"



  VOLUME BUDGET FOR ENTIRE MODEL AT END OF TIME STEP    2, STRESS PERIOD  19
  ---------------------------------------------------------------------------------------------------

     CUMULATIVE VOLUME      L**3       RATES FOR THIS TIME STEP      L**3/T          PACKAGE NAME    
     ------------------                 ------------------------                     ----------------

           IN:                                      IN:
           ---                                      ---
              STO-SS =    24649712.4248                STO-SS =        1478.2134     STORAGE                          
              STO-SY =   101118508.7778                STO-SY =       18495.8634     STORAGE                          
                 WEL =           0.0000                   WEL =           0.0000     AG_PUMP                          
                 GHB =       42681.3768                   GHB =          16.3256     GHB_FAULTS                       
                 RCH =    15517178.4087                   RCH =        2296.4172     SB_RCH                           
                 EVT =           0.0000                   EVT =           0.0000     LAKE_EVT                         

            TOTAL IN =   141328080.9882              TOTAL IN =       22286.8196

          OUT:                                     OUT:
          ----                                     ----
              STO-SS =      147885.6567                STO-SS =           0.0000     STORAGE                          
              STO-SY =         295.1387                STO-SY =           0.0000     STORAGE                          
                 WEL =   125921361.9916                   WEL =       20104.8552     AG_PUMP                          
                 GHB =      425822.0779                   GHB =          32.9188     GHB_FAULTS                       
                 RCH =           0.0000                   RCH =           0.0000     SB_RCH                           
                 EVT =    14816762.5957                   EVT =        2147.2168     LAKE_EVT                         

           TOTAL OUT =   141312127.4605             TOTAL OUT =       22284.9908

            IN - OUT =       15953.5277              IN - OUT =           1.8288

 PERCENT DISCREPANCY =           0.01     PERCENT DISCREPANCY =           0.01




         TIME SUMMARY AT END OF TIME STEP    2 IN STRESS PERIOD   19
                    SECONDS     MINUTES      HOURS       DAYS        YEARS
                    -----------------------------------------------------------
   TIME STEP LENGTH 7.88940E+06 1.31490E+05  2191.5      91.312     0.25000    
 STRESS PERIOD TIME 1.57788E+07 2.62980E+05  4383.0      182.62     0.50000    
         TOTAL TIME 5.83816E+08 9.73026E+06 1.62171E+05  6757.1      18.500    


end timestep


start timestep kper="19" kstp="3" mode="normal"



  VOLUME BUDGET FOR ENTIRE MODEL AT END OF TIME STEP    3, STRESS PERIOD  19
  ---------------------------------------------------------------------------------------------------

     CUMULATIVE VOLUME      L**3       RATES FOR THIS TIME STEP      L**3/T          PACKAGE NAME    
     ------------------                 ------------------------                     ----------------

           IN:                                      IN:
           ---                                      ---
              STO-SS =    24783850.8698                STO-SS =        1469.0042     STORAGE                          
              STO-SY =   102808208.9007                STO-SY =       18504.5872     STORAGE                          
                 WEL =           0.0000                   WEL =           0.0000     AG_PUMP                          
                 GHB =       44189.3471                   GHB =          16.5144     GHB_FAULTS                       
                 RCH =    15726870.0088                   RCH =        2296.4172     SB_RCH                           
                 EVT =           0.0000                   EVT =           0.0000     LAKE_EVT                         

            TOTAL IN =   143363119.1264              TOTAL IN =       22286.5231

          OUT:                                     OUT:
          ----                                     ----
              STO-SS =      147885.6567                STO-SS =           0.0000     STORAGE                          
              STO-SY =         295.1387                STO-SY =           0.0000     STORAGE                          
                 WEL =   127757186.5861                   WEL =       20104.8552     AG_PUMP                          
                 GHB =      428782.9595                   GHB =          32.4258     GHB_FAULTS                       
                 RCH =           0.0000                   RCH =           0.0000     SB_RCH                           
                 EVT =    15012830.3296                   EVT =        2147.2168     LAKE_EVT                         

           TOTAL OUT =   143346980.6706             TOTAL OUT =       22284.4979

            IN - OUT =       16138.4558              IN - OUT =           2.0252

 PERCENT DISCREPANCY =           0.01     PERCENT DISCREPANCY =           0.01




         TIME SUMMARY AT END OF TIME STEP    3 IN STRESS PERIOD   19
                    SECONDS     MINUTES      HOURS       DAYS        YEARS
                    -----------------------------------------------------------
   TIME STEP LENGTH 7.88940E+06 1.31490E+05  2191.5      91.312     0.25000    
 STRESS PERIOD TIME 2.36682E+07 3.94470E+05  6574.5      273.94     0.75000    
         TOTAL TIME 5.91705E+08 9.86175E+06 1.64362E+05  6848.4      18.750    


end timestep


start timestep kper="19" kstp="4" mode="normal"

 UBDSV1 SAVING           STO-SS ON UNIT   1024 AT TIME STEP      4, STRESS PERIOD     19
 UBDSV1 SAVING           STO-SY ON UNIT   1024 AT TIME STEP      4, STRESS PERIOD     19
 UBDSV1 SAVING     FLOW-JA-FACE ON UNIT   1024 AT TIME STEP      4, STRESS PERIOD     19
 UBDSV06 SAVING       DATA-SPDIS IN MODEL LV_SIMPLE        PACKAGE NPF             CONNECTED TO MODEL LV_SIMPLE        PACKAGE NPF              ON UNIT   1024 AT TIME STEP      4, STRESS PERIOD     19
 UBDSV06 SAVING              WEL IN MODEL LV_SIMPLE        PACKAGE LV_SIMPLE       CONNECTED TO MODEL LV_SIMPLE        PACKAGE AG_PUMP          ON UNIT   1024 AT TIME STEP      4, STRESS PERIOD     19
 UBDSV06 SAVING              GHB IN MODEL LV_SIMPLE        PACKAGE LV_SIMPLE       CONNECTED TO MODEL LV_SIMPLE        PACKAGE GHB_FAULTS       ON UNIT   1024 AT TIME STEP      4, STRESS PERIOD     19
 UBDSV06 SAVING              RCH IN MODEL LV_SIMPLE        PACKAGE LV_SIMPLE       CONNECTED TO MODEL LV_SIMPLE        PACKAGE SB_RCH           ON UNIT   1024 AT TIME STEP      4, STRESS PERIOD     19
 UBDSV06 SAVING              EVT IN MODEL LV_SIMPLE        PACKAGE LV_SIMPLE       CONNECTED TO MODEL LV_SIMPLE        PACKAGE LAKE_EVT         ON UNIT   1024 AT TIME STEP      4, STRESS PERIOD     19

 HEAD WILL BE SAVED ON UNIT 1025 AT END OF TIME STEP    4, STRESS PERIOD   19


  VOLUME BUDGET FOR ENTIRE MODEL AT END OF TIME STEP    4, STRESS PERIOD  19
  ---------------------------------------------------------------------------------------------------

     CUMULATIVE VOLUME      L**3       RATES FOR THIS TIME STEP      L**3/T          PACKAGE NAME    
     ------------------                 ------------------------                     ----------------

           IN:                                      IN:
           ---                                      ---
              STO-SS =    24917545.1356                STO-SS =        1464.1398     STORAGE                          
              STO-SY =   104498289.9113                STO-SY =       18508.7585     STORAGE                          
                 WEL =           0.0000                   WEL =           0.0000     AG_PUMP                          
                 GHB =       45714.9592                   GHB =          16.7076     GHB_FAULTS                       
                 RCH =    15936561.6090                   RCH =        2296.4172     SB_RCH                           
                 EVT =           0.0000                   EVT =           0.0000     LAKE_EVT                         

            TOTAL IN =   145398111.6150              TOTAL IN =       22286.0231

          OUT:                                     OUT:
          ----                                     ----
              STO-SS =      147885.6567                STO-SS =           0.0000     STORAGE                          
              STO-SY =         295.1387                STO-SY =           0.0000     STORAGE                          
                 WEL =   129593011.1807                   WEL =       20104.8552     AG_PUMP                          
                 GHB =      431699.5634                   GHB =          31.9409     GHB_FAULTS                       
                 RCH =           0.0000                   RCH =           0.0000     SB_RCH                           
                 EVT =    15208898.0636                   EVT =        2147.2168     LAKE_EVT                         

           TOTAL OUT =   145381789.6030             TOTAL OUT =       22284.0129

            IN - OUT =       16322.0120              IN - OUT =           2.0102

 PERCENT DISCREPANCY =           0.01     PERCENT DISCREPANCY =           0.01




         TIME SUMMARY AT END OF TIME STEP    4 IN STRESS PERIOD   19
                    SECONDS     MINUTES      HOURS       DAYS        YEARS
                    -----------------------------------------------------------
   TIME STEP LENGTH 7.88940E+06 1.31490E+05  2191.5      91.312     0.25000    
 STRESS PERIOD TIME 3.15576E+07 5.25960E+05  8766.0      365.25      1.0000    
         TOTAL TIME 5.99594E+08 9.99324E+06 1.66554E+05  6939.8      19.000    


end timestep

