                               MODFLOW 6 EXTENDED
                U.S. GEOLOGICAL SURVEY MODULAR HYDROLOGIC MODEL
                        VERSION 6.8.0.dev0+74a2ba0.dirty
                               ***DEVELOP MODE***

   MODFLOW 6 compiled Aug 31 2026 20:11:52 with Intel(R) Fortran Intel(R) 64
  Compiler Classic for applications running on Intel(R) 64, Version 2021.12.0
                             Build 20240222_000000

This software is preliminary or provisional and is subject to 
revision. It is being provided to meet the need for timely best 
science. The software has not received final approval by the U.S. 
Geological Survey (USGS). No warranty, expressed or implied, is made 
by the USGS or the U.S. Government as to the functionality of the 
software and related material nor shall the fact of release 
constitute any such warranty. The software is provided on the 
condition that neither the USGS nor the U.S. Government shall be held 
liable for any damages resulting from the authorized or unauthorized 
use of the software.


As a work of the United States Government, this USGS product is 
in the public domain within the United States. You can copy, 
modify, distribute, and perform the work, even for commercial 
purposes, all without asking permission. Additionally, USGS 
waives copyright and related rights in the work worldwide 
through CC0 1.0 Universal Public Domain Dedication 
(https://creativecommons.org/publicdomain/zero/1.0/).

The following GNU Lesser General Public License (LGPL) libraries
are used in this USGS product:

    SPARSKIT version 2.0
      ilut, luson, and qsplit 
      (https://www-users.cse.umn.edu/~saad/software/SPARSKIT/)

    RCM - Reverse Cuthill McKee Ordering
      (https://people.math.sc.edu/Burkardt/f_src/rcm/rcm.html)

    BLAS - Basic Linear Algebra Subprograms Level 1
      (https://people.math.sc.edu/Burkardt/f_src/blas1_d/blas1_d.html)

    SPARSEKIT - Sparse Matrix Utility Package
      amux, dperm, dvperm, rperm, and cperm
      (https://people.sc.fsu.edu/~jburkardt/f77_src/sparsekit/sparsekit.html)

The following BSD-3 License libraries are used in this USGS product:

    Modern Fortran DAG Library
      Copyright (c) 2018, Jacob Williams
      All rights reserved.
      (https://github.com/jacobwilliams/daglib)

The following library is used in this USGS product:

    NetCDF, network Common Data Form software library
      Copyright (c) 1993-2014 University Corporation for Atmospheric
      Research/Unidata. Redistribution and use in source and binary
      forms, with or without modification, are permitted provided that
      the conditions in the NetCDF copyright are met
        (https://www.unidata.ucar.edu/software/netcdf/copyright.html)

The following 2-clause BSD License library is used in this
USGS product:

    PETSc, the Portable, Extensible Toolkit for Scientific
    Computation Library
      Copyright (c) 1991-2021, UChicago Argonne, LLC
      and the PETSc Development Team All rights reserved.
      (https://petsc.org/release/)

MODFLOW 6 compiler options: /Isrc\libmf6_external.a.p /Isrc\libmf6core.a.p
/Isrc /I..\src /I..\..\netcdf\netCDF4.9.3-NC4-64\include
/I..\..\netcdf\netcdf-fortran-4.6.2\build\fortran /I..\..\petsc\include
/I..\..\petsc\arch-mswin-c-opt\include /I. "/IC:\Program Files
(x86)\Intel\oneAPI\mpi\latest\env\\..\include" "/IC:\Program Files
(x86)\Intel\oneAPI\mpi\latest\env\\..\include\mpi"
/ID:/a/modflow6-nightly-build/modflow6-nightly-build/modflow6/.pixi/envs/defau
lt/Library/include /MT /nologo /warn:general /warn:truncated_source
/stand:f18 /O3 /fpe:0 /heap-arrays:0 /traceback /fpp /Qdiag-disable:7416
/Qdiag-disable:7025 /Qdiag-disable:5268 /Qdiag-disable:10448 /D__WITH_PETSC__
/D__WITH_MPI__ /D__WITH_NETCDF__ /DDLL_NETCDF
/Fdsrc\libmf6core.a.p\Utilities_compilerversion.F90.pdb
/module:src\libmf6core.a.p
/Fosrc/libmf6core.a.p/Utilities_compilerversion.F90.obj /c

System command used to initiate simulation:
D:/teaching/cwemf-2026/CWEMF_advanced_modflow/.pixi/envs/default/python.exe -m ipykernel_launcher -f C:\Users\jlarsen\AppData\Roaming\jupyter\runtime\kernel-02c781d5-20ab-4d3a-acf9-062ea16ecedd.json

MODFLOW was compiled using uniform precision.

Real Variables
  KIND: 8
  TINY (smallest non-zero value):    2.225074-308
  HUGE (largest value):    1.797693+308
  PRECISION: 15
  SIZE IN BITS: 64

Integer Variables
  KIND: 4
  HUGE (largest value): 2147483647
  SIZE IN BITS: 32

Long Integer Variables
  KIND: 8
  HUGE (largest value): 9223372036854775807
  SIZE IN BITS: 64

Logical Variables
  KIND: 4
  SIZE IN BITS: 32
 

 OPENED mfsim.nam
 FILE TYPE:NAM6               UNIT 1054   STATUS:OLD                 
 FORMAT:FORMATTED              ACCESS:SEQUENTIAL          
 ACTION:READ                

 # File generated by Flopy version 3.11.0.dev0 on 09/09/2026 at 11:02:36.

 OPENED green_valley.tdis
 FILE TYPE:TDIS6              UNIT 1055   STATUS:OLD                 
 FORMAT:FORMATTED              ACCESS:SEQUENTIAL          
 ACTION:READ                

 # File generated by Flopy version 3.11.0.dev0 on 09/09/2026 at 11:02:36.

 OPENED green_valley.nam
 FILE TYPE:GWF6               UNIT 1056   STATUS:OLD                 
 FORMAT:FORMATTED              ACCESS:SEQUENTIAL          
 ACTION:READ                

 # File generated by Flopy version 3.11.0.dev0 on 09/09/2026 at 11:02:36.

 OPENED green_valley.dis
 FILE TYPE:DIS6               UNIT 1057   STATUS:OLD                 
 FORMAT:FORMATTED              ACCESS:SEQUENTIAL          
 ACTION:READ                

 # File generated by Flopy version 3.11.0.dev0 on 09/09/2026 at 11:02:36.

 OPENED green_valley.npf
 FILE TYPE:NPF6               UNIT 1058   STATUS:OLD                 
 FORMAT:FORMATTED              ACCESS:SEQUENTIAL          
 ACTION:READ                

 # File generated by Flopy version 3.11.0.dev0 on 09/09/2026 at 11:02:36.

 OPENED green_valley.sto
 FILE TYPE:STO6               UNIT 1059   STATUS:OLD                 
 FORMAT:FORMATTED              ACCESS:SEQUENTIAL          
 ACTION:READ                

 # File generated by Flopy version 3.11.0.dev0 on 09/09/2026 at 11:02:36.

 OPENED green_valley.ic
 FILE TYPE:IC6                UNIT 1060   STATUS:OLD                 
 FORMAT:FORMATTED              ACCESS:SEQUENTIAL          
 ACTION:READ                

 # File generated by Flopy version 3.11.0.dev0 on 09/09/2026 at 11:02:36.

 OPENED green_valley.oc
 FILE TYPE:OC6                UNIT 1061   STATUS:OLD                 
 FORMAT:FORMATTED              ACCESS:SEQUENTIAL          
 ACTION:READ                

 # File generated by Flopy version 3.11.0.dev0 on 09/09/2026 at 11:02:36.

 OPENED green_valley.wel
 FILE TYPE:WEL6               UNIT 1063   STATUS:OLD                 
 FORMAT:FORMATTED              ACCESS:SEQUENTIAL          
 ACTION:READ                

 # File generated by Flopy version 3.11.0.dev0 on 09/09/2026 at 11:02:36.

 OPENED green_valley.ghb
 FILE TYPE:GHB6               UNIT 1065   STATUS:OLD                 
 FORMAT:FORMATTED              ACCESS:SEQUENTIAL          
 ACTION:READ                

 # File generated by Flopy version 3.11.0.dev0 on 09/09/2026 at 11:02:36.

 OPENED green_valley.rcha
 FILE TYPE:RCH6               UNIT 1067   STATUS:OLD                 
 FORMAT:FORMATTED              ACCESS:SEQUENTIAL          
 ACTION:READ                

 # File generated by Flopy version 3.11.0.dev0 on 09/09/2026 at 11:02:36.

 OPENED green_valley.evta
 FILE TYPE:EVT6               UNIT 1069   STATUS:OLD                 
 FORMAT:FORMATTED              ACCESS:SEQUENTIAL          
 ACTION:READ                

 # File generated by Flopy version 3.11.0.dev0 on 09/09/2026 at 11:02:36.

 OPENED green_valley.sfr
 FILE TYPE:SFR6      UNIT 1070   STATUS:OLD                 
 FORMAT:FORMATTED              ACCESS:SEQUENTIAL          
 ACTION:READ                


 READING SIMULATION OPTIONS
    MAXIMUM NUMBER OF ERRORS THAT WILL BE STORED IS 1000
 END OF SIMULATION OPTIONS

 READING SIMULATION TIMING

 TDIS -- TEMPORAL DISCRETIZATION PACKAGE,
 VERSION 1 : 11/13/2014 - INPUT READ FROM MEMPATH: __INPUT__/SIM/TDIS                                
 PROCESSING TDIS OPTIONS
    SIMULATION TIME UNIT IS SECONDS
 END OF TDIS OPTIONS
 PROCESSING TDIS DIMENSIONS
    2 STRESS PERIOD(S) IN SIMULATION
 END OF TDIS DIMENSIONS

 PERLEN is zero for stress period 1. PERLEN must not be zero for transient periods.
 PROCESSING TDIS PERIODDATA


 STRESS PERIOD     LENGTH       TIME STEPS     MULTIPLIER FOR DELT
 ----------------------------------------------------------------------------
        1         0.000000          1                    1.000
        2        1.5778800E+09     50                    1.100
 END OF TDIS PERIODDATA
 END OF SIMULATION TIMING

 READING SIMULATION MODELS
    GWF6 model 1 will be created
 END OF SIMULATION MODELS

 READING SIMULATION EXCHANGES
 END OF SIMULATION EXCHANGES

 READING SOLUTIONGROUP

 Creating solution: SLN_1           

 OPENED green_valley.ims
 FILE TYPE:IMS   UNIT 1072   STATUS:OLD                 
 FORMAT:FORMATTED              ACCESS:SEQUENTIAL          
 ACTION:READ                

 END OF SOLUTIONGROUP

PROCESSING MODEL CONNECTIONS

 IMS -- ITERATIVE MODEL SOLUTION PACKAGE, VERSION 6, 4/28/2017
         INPUT READ FROM UNIT 1072
 # File generated by Flopy version 3.11.0.dev0 on 09/09/2026 at 11:02:36.

 PROCESSING IMS OPTIONS
 END OF IMS OPTIONS

 PROCESSING IMS NONLINEAR
 END OF IMS NONLINEAR DATA
 ***UNDER-RELAXATION WILL NOT BE USED***
 

 PROCESSING LINEAR DATA
 END OF LINEAR DATA
 ***IMS LINEAR SOLVER WILL BE USED***

 IMSLINEAR -- UNSTRUCTURED LINEAR SOLUTION PACKAGE, VERSION 8, 04/28/2017
 An asymmetric matrix will be solved

 OUTER ITERATION CONVERGENCE CRITERION    (DVCLOSE) =    0.100000E-05
 MAXIMUM NUMBER OF OUTER ITERATIONS        (MXITER) = 100
 SOLVER PRINTOUT INDEX                     (IPRIMS) = 1
 NONLINEAR ITERATION METHOD            (NONLINMETH) = 0
 LINEAR SOLUTION METHOD                   (LINMETH) = 1

       SOLUTION BY THE BICONJUGATE-GRADIENT STABILIZED METHOD
 ------------------------------------------------------------------
 MAXIMUM OF 100 CALLS OF SOLUTION ROUTINE
 MAXIMUM OF 50 INTERNAL ITERATIONS PER CALL TO SOLUTION ROUTINE
 LINEAR ACCELERATION METHOD            = BCGS      
 MATRIX PRECONDITIONING TYPE           = INCOMPLETE LU       
 MATRIX SCALING APPROACH               = NO SCALING          
 MATRIX REORDERING APPROACH            = ORIGINAL ORDERING        
 NUMBER OF ORTHOGONALIZATIONS          = 0
 HEAD CHANGE CRITERION FOR CLOSURE     =    0.10000E-05
 RESIDUAL CHANGE CRITERION FOR CLOSURE =    0.10000E-05
 RESIDUAL CONVERGENCE OPTION           = 1
 RESIDUAL CONVERGENCE NORM             = INFINITY NORM S 
 RELAXATION FACTOR                     =    0.00000E+00



 
    Solving:  Stress period:     1    Time step:     1
 
1
 STRESS PERIOD NO. 1, LENGTH =   0.000000    
 ------------------------------------------
 NUMBER OF TIME STEPS = 1
 MULTIPLIER FOR DELT =     1.000
 INITIAL TIME STEP SIZE =   0.000000    



 PSEUDO-TRANSIENT CONTINUATION WILL BE APPLIED TO MODEL 1 ("GREEN_VALLEY") DURING THIS TIME STEP

 SLN_1 OUTER ITERATION SUMMARY
 ----------------------------------------------------------------------------------------------------------
                                OUTER      INNER                    STEP   MAXIMUM CHANGE MODEL-(CELLID) OR
 OUTER ITERATION STEP       ITERATION  ITERATION  MAXIMUM CHANGE SUCCESS             MODEL-PACKAGE-(NUMBER)
 ----------------------------------------------------------------------------------------------------------
 Model                              1         12       106.77088                              1_GWF-(1,1,1)
 Model                              2          8      -71.874431                              1_GWF-(1,2,1)
 Model                              3         10       55.199540                              1_GWF-(1,2,1)
 Model                              4          8      -53.087178                              1_GWF-(1,2,1)
 Model                              5          9       44.282327                              1_GWF-(1,2,1)
 Model                              6          7      -41.376770                              1_GWF-(1,2,1)
 Model                              7          7       27.376817                              1_GWF-(1,2,1)
 Model                              8          7      -13.232495                              1_GWF-(1,1,1)
 Model                              9          7      -2.8135276                              1_GWF-(1,2,1)
 Model                             10          7 -5.27306505E-02                              1_GWF-(1,2,1)
 Model                             11          6 -1.58265890E-03                             1_GWF-(1,11,7)
 Model                             12          4 -1.30177211E-04                             1_GWF-(1,13,1)
 Model                             13          2 -8.34869809E-06                             1_GWF-(1,13,1)
 Model                             14          1 -4.10313874E-07       *                     1_GWF-(1,13,1)
 Package                           14             5.09098527E-07       *             1_GWF-SFR_0-(36)-stage
 ----------------------------------------------------------------------------------------------------------


 14 CALLS TO NUMERICAL SOLUTION IN TIME STEP 1 STRESS PERIOD 1
 95 TOTAL ITERATIONS
 
    Solving:  Stress period:     2    Time step:     1
 
1
 STRESS PERIOD NO. 2, LENGTH =  0.1577880E+10
 ------------------------------------------
 NUMBER OF TIME STEPS = 50
 MULTIPLIER FOR DELT =     1.100
 INITIAL TIME STEP SIZE =   1355674.    

 SLN_1 OUTER ITERATION SUMMARY
 ----------------------------------------------------------------------------------------------------------
                                OUTER      INNER                    STEP   MAXIMUM CHANGE MODEL-(CELLID) OR
 OUTER ITERATION STEP       ITERATION  ITERATION  MAXIMUM CHANGE SUCCESS             MODEL-PACKAGE-(NUMBER)
 ----------------------------------------------------------------------------------------------------------
 Model                              1          3      -2.3968353                              1_GWF-(1,8,4)
 Model                              2          3 -4.56058566E-02                              1_GWF-(1,6,4)
 Model                              3          2 -5.67125942E-05                             1_GWF-(1,13,2)
 Model                              4          2 -1.44091621E-06                             1_GWF-(1,13,1)
 Model                              5          1 -2.35817197E-08       *                     1_GWF-(1,13,1)
 Package                            5             1.32852633E-04                    1_GWF-SFR_0-(36)-inflow
 Model                              6          1 -2.93312041E-11       *                     1_GWF-(1,13,1)
 Package                            6             1.44044699E-06                    1_GWF-SFR_0-(36)-inflow
 Model                              7          1 -2.31921149E-11       *                     1_GWF-(1,13,1)
 Package                            7             1.53126865E-09       *            1_GWF-SFR_0-(36)-inflow
 ----------------------------------------------------------------------------------------------------------


 7 CALLS TO NUMERICAL SOLUTION IN TIME STEP 1 STRESS PERIOD 2
 13 TOTAL ITERATIONS
 
    Solving:  Stress period:     2    Time step:     2
 

 SLN_1 OUTER ITERATION SUMMARY
 ----------------------------------------------------------------------------------------------------------
                                OUTER      INNER                    STEP   MAXIMUM CHANGE MODEL-(CELLID) OR
 OUTER ITERATION STEP       ITERATION  ITERATION  MAXIMUM CHANGE SUCCESS             MODEL-PACKAGE-(NUMBER)
 ----------------------------------------------------------------------------------------------------------
 Model                              1          4      -2.3716897                              1_GWF-(1,8,4)
 Model                              2          3 -4.81745617E-02                              1_GWF-(1,8,5)
 Model                              3          2 -1.40792077E-04                             1_GWF-(1,13,2)
 Model                              4          2 -4.23972415E-06                             1_GWF-(1,13,1)
 Model                              5          1 -8.49234993E-08       *                     1_GWF-(1,13,1)
 Package                            5             4.94514027E-04                    1_GWF-SFR_0-(36)-inflow
 Model                              6          1 -5.05451681E-10       *                     1_GWF-(1,13,1)
 Package                            6             6.61264719E-06                    1_GWF-SFR_0-(36)-inflow
 Model                              7          1 -1.41085366E-10       *                     1_GWF-(1,13,1)
 Package                            7             3.11865707E-08       *            1_GWF-SFR_0-(36)-inflow
 ----------------------------------------------------------------------------------------------------------


 7 CALLS TO NUMERICAL SOLUTION IN TIME STEP 2 STRESS PERIOD 2
 14 TOTAL ITERATIONS
 
    Solving:  Stress period:     2    Time step:     3
 

 SLN_1 OUTER ITERATION SUMMARY
 ----------------------------------------------------------------------------------------------------------
                                OUTER      INNER                    STEP   MAXIMUM CHANGE MODEL-(CELLID) OR
 OUTER ITERATION STEP       ITERATION  ITERATION  MAXIMUM CHANGE SUCCESS             MODEL-PACKAGE-(NUMBER)
 ----------------------------------------------------------------------------------------------------------
 Model                              1          4      -2.3219846                              1_GWF-(1,8,4)
 Model                              2          3 -3.46832177E-02                             1_GWF-(1,10,5)
 Model                              3          2 -1.97197032E-04                             1_GWF-(1,13,2)
 Model                              4          2 -5.59147486E-06                             1_GWF-(1,13,1)
 Model                              5          1 -1.01317369E-07       *                     1_GWF-(1,13,1)
 Package                            5             6.15868877E-04                    1_GWF-SFR_0-(36)-inflow
 Model                              6          1 -5.38989298E-10       *                     1_GWF-(1,13,1)
 Package                            6             7.46309962E-06                    1_GWF-SFR_0-(36)-inflow
 Model                              7          1 -1.53022484E-10       *                     1_GWF-(1,13,1)
 Package                            7             3.21295355E-08       *            1_GWF-SFR_0-(36)-inflow
 ----------------------------------------------------------------------------------------------------------


 7 CALLS TO NUMERICAL SOLUTION IN TIME STEP 3 STRESS PERIOD 2
 14 TOTAL ITERATIONS
 
    Solving:  Stress period:     2    Time step:     4
 

 SLN_1 OUTER ITERATION SUMMARY
 ----------------------------------------------------------------------------------------------------------
                                OUTER      INNER                    STEP   MAXIMUM CHANGE MODEL-(CELLID) OR
 OUTER ITERATION STEP       ITERATION  ITERATION  MAXIMUM CHANGE SUCCESS             MODEL-PACKAGE-(NUMBER)
 ----------------------------------------------------------------------------------------------------------
 Model                              1          4      -2.2393923                              1_GWF-(1,8,4)
 Model                              2          3 -3.37698518E-02                              1_GWF-(1,9,6)
 Model                              3          2 -2.56362687E-04                             1_GWF-(1,13,2)
 Model                              4          2 -7.82243899E-06                             1_GWF-(1,13,1)
 Model                              5          1 -1.53813517E-07       *                     1_GWF-(1,13,1)
 Package                            5             9.74569827E-04                    1_GWF-SFR_0-(36)-inflow
 Model                              6          1 -1.28261490E-09       *                     1_GWF-(1,13,1)
 Package                            6             1.29973630E-05                    1_GWF-SFR_0-(36)-inflow
 Model                              7          1 -1.80989446E-10       *                     1_GWF-(1,13,1)
 Package                            7             8.81869848E-08       *            1_GWF-SFR_0-(36)-inflow
 ----------------------------------------------------------------------------------------------------------


 7 CALLS TO NUMERICAL SOLUTION IN TIME STEP 4 STRESS PERIOD 2
 14 TOTAL ITERATIONS
 
    Solving:  Stress period:     2    Time step:     5
 

 SLN_1 OUTER ITERATION SUMMARY
 ----------------------------------------------------------------------------------------------------------
                                OUTER      INNER                    STEP   MAXIMUM CHANGE MODEL-(CELLID) OR
 OUTER ITERATION STEP       ITERATION  ITERATION  MAXIMUM CHANGE SUCCESS             MODEL-PACKAGE-(NUMBER)
 ----------------------------------------------------------------------------------------------------------
 Model                              1          4      -2.1460489                              1_GWF-(1,8,4)
 Model                              2          3 -6.06270183E-03                             1_GWF-(1,12,7)
 Model                              3          2 -2.74386423E-04                             1_GWF-(1,13,2)
 Model                              4          2 -8.41191309E-06                             1_GWF-(1,13,1)
 Model                              5          1 -1.62915853E-07       *                     1_GWF-(1,13,1)
 Package                            5             1.07995312E-03                    1_GWF-SFR_0-(36)-inflow
 Model                              6          1 -1.33832145E-09       *                     1_GWF-(1,13,1)
 Package                            6             1.42629052E-05                    1_GWF-SFR_0-(36)-inflow
 Model                              7          1 -1.91562322E-10       *                     1_GWF-(1,13,1)
 Package                            7             9.77014386E-08       *            1_GWF-SFR_0-(36)-inflow
 ----------------------------------------------------------------------------------------------------------


 7 CALLS TO NUMERICAL SOLUTION IN TIME STEP 5 STRESS PERIOD 2
 14 TOTAL ITERATIONS
 
    Solving:  Stress period:     2    Time step:     6
 

 SLN_1 OUTER ITERATION SUMMARY
 ----------------------------------------------------------------------------------------------------------
                                OUTER      INNER                    STEP   MAXIMUM CHANGE MODEL-(CELLID) OR
 OUTER ITERATION STEP       ITERATION  ITERATION  MAXIMUM CHANGE SUCCESS             MODEL-PACKAGE-(NUMBER)
 ----------------------------------------------------------------------------------------------------------
 Model                              1          4      -2.0495346                              1_GWF-(1,8,4)
 Model                              2          3 -2.43247912E-02                              1_GWF-(1,7,6)
 Model                              3          2 -3.64354450E-04                             1_GWF-(1,13,2)
 Model                              4          2 -1.24991813E-05                             1_GWF-(1,13,1)
 Model                              5          1 -2.78210791E-07       *                     1_GWF-(1,13,1)
 Package                            5             1.92674357E-03                    1_GWF-SFR_0-(36)-inflow
 Model                              6          1 -3.58454599E-09       *                     1_GWF-(1,13,1)
 Package                            6             2.99922098E-05                    1_GWF-SFR_0-(36)-inflow
 Model                              7          1 -1.45519152E-10       *                     1_GWF-(1,13,1)
 Package                            7             3.19596468E-07       *            1_GWF-SFR_0-(36)-inflow
 ----------------------------------------------------------------------------------------------------------


 7 CALLS TO NUMERICAL SOLUTION IN TIME STEP 6 STRESS PERIOD 2
 14 TOTAL ITERATIONS
 
    Solving:  Stress period:     2    Time step:     7
 

 SLN_1 OUTER ITERATION SUMMARY
 ----------------------------------------------------------------------------------------------------------
                                OUTER      INNER                    STEP   MAXIMUM CHANGE MODEL-(CELLID) OR
 OUTER ITERATION STEP       ITERATION  ITERATION  MAXIMUM CHANGE SUCCESS             MODEL-PACKAGE-(NUMBER)
 ----------------------------------------------------------------------------------------------------------
 Model                              1          4      -1.9572913                              1_GWF-(1,8,4)
 Model                              2          3 -5.77078697E-02                              1_GWF-(1,8,6)
 Model                              3          2 -4.01890603E-04                             1_GWF-(1,13,2)
 Model                              4          2 -1.45505313E-05                             1_GWF-(1,13,1)
 Model                              5          1 -3.38831910E-07       *                     1_GWF-(1,13,1)
 Package                            5             2.46094588E-03                    1_GWF-SFR_0-(36)-inflow
 Model                              6          1 -4.75313300E-09       *                     1_GWF-(1,13,1)
 Package                            6             3.98243499E-05                    1_GWF-SFR_0-(36)-inflow
 Model                              7          1 -1.28125066E-10       *                     1_GWF-(1,13,1)
 Package                            7             4.50601974E-07       *            1_GWF-SFR_0-(36)-inflow
 ----------------------------------------------------------------------------------------------------------


 7 CALLS TO NUMERICAL SOLUTION IN TIME STEP 7 STRESS PERIOD 2
 14 TOTAL ITERATIONS
 
    Solving:  Stress period:     2    Time step:     8
 

 SLN_1 OUTER ITERATION SUMMARY
 ----------------------------------------------------------------------------------------------------------
                                OUTER      INNER                    STEP   MAXIMUM CHANGE MODEL-(CELLID) OR
 OUTER ITERATION STEP       ITERATION  ITERATION  MAXIMUM CHANGE SUCCESS             MODEL-PACKAGE-(NUMBER)
 ----------------------------------------------------------------------------------------------------------
 Model                              1          4      -1.8802026                              1_GWF-(1,8,4)
 Model                              2          3 -6.63085814E-02                             1_GWF-(1,10,7)
 Model                              3          2 -3.78418195E-04                             1_GWF-(1,13,1)
 Model                              4          2 -1.39865480E-05                             1_GWF-(1,13,1)
 Model                              5          1 -3.27188332E-07       *                     1_GWF-(1,13,1)
 Package                            5             2.50066634E-03                    1_GWF-SFR_0-(36)-inflow
 Model                              6          1 -4.39797532E-09       *                     1_GWF-(1,13,1)
 Package                            6             3.98242042E-05                    1_GWF-SFR_0-(36)-inflow
 Model                              7          1 -1.50976120E-10       *                     1_GWF-(1,13,1)
 Package                            7             4.26765280E-07       *            1_GWF-SFR_0-(36)-inflow
 ----------------------------------------------------------------------------------------------------------


 7 CALLS TO NUMERICAL SOLUTION IN TIME STEP 8 STRESS PERIOD 2
 14 TOTAL ITERATIONS
 
    Solving:  Stress period:     2    Time step:     9
 

 SLN_1 OUTER ITERATION SUMMARY
 ----------------------------------------------------------------------------------------------------------
                                OUTER      INNER                    STEP   MAXIMUM CHANGE MODEL-(CELLID) OR
 OUTER ITERATION STEP       ITERATION  ITERATION  MAXIMUM CHANGE SUCCESS             MODEL-PACKAGE-(NUMBER)
 ----------------------------------------------------------------------------------------------------------
 Model                              1          4      -1.8147589                              1_GWF-(1,8,4)
 Model                              2          3 -1.61555874E-02                             1_GWF-(1,12,3)
 Model                              3          2 -4.15818335E-04                             1_GWF-(1,13,1)
 Model                              4          2 -1.42758972E-05                             1_GWF-(1,13,1)
 Model                              5          1 -3.15589659E-07       *                     1_GWF-(1,13,1)
 Package                            5             2.54479952E-03                    1_GWF-SFR_0-(36)-inflow
 Model                              6          1 -4.14411261E-09       *                     1_GWF-(1,13,1)
 Package                            6             4.03628282E-05                    1_GWF-SFR_0-(36)-inflow
 Model                              7          1 -1.68938641E-10       *                     1_GWF-(1,13,1)
 Package                            7             4.51876197E-07       *            1_GWF-SFR_0-(36)-inflow
 ----------------------------------------------------------------------------------------------------------


 7 CALLS TO NUMERICAL SOLUTION IN TIME STEP 9 STRESS PERIOD 2
 14 TOTAL ITERATIONS
 
    Solving:  Stress period:     2    Time step:    10
 

 SLN_1 OUTER ITERATION SUMMARY
 ----------------------------------------------------------------------------------------------------------
                                OUTER      INNER                    STEP   MAXIMUM CHANGE MODEL-(CELLID) OR
 OUTER ITERATION STEP       ITERATION  ITERATION  MAXIMUM CHANGE SUCCESS             MODEL-PACKAGE-(NUMBER)
 ----------------------------------------------------------------------------------------------------------
 Model                              1          4      -1.7601962                              1_GWF-(1,8,4)
 Model                              2          3 -4.95671037E-02                             1_GWF-(1,11,7)
 Model                              3          2 -4.63378958E-04                             1_GWF-(1,13,1)
 Model                              4          2 -1.89265008E-05                             1_GWF-(1,13,1)
 Model                              5          1 -4.92442496E-07       *                     1_GWF-(1,13,1)
 Package                            5             4.18390438E-03                    1_GWF-SFR_0-(36)-inflow
 Model                              6          1 -8.09882295E-09       *                     1_GWF-(1,13,1)
 Package                            6             7.46703701E-05                    1_GWF-SFR_0-(36)-inflow
 Model                              7          1 -9.84528015E-11       *                     1_GWF-(1,13,1)
 Package                            7             9.62981697E-07       *            1_GWF-SFR_0-(36)-inflow
 ----------------------------------------------------------------------------------------------------------


 7 CALLS TO NUMERICAL SOLUTION IN TIME STEP 10 STRESS PERIOD 2
 14 TOTAL ITERATIONS
 
    Solving:  Stress period:     2    Time step:    11
 

 SLN_1 OUTER ITERATION SUMMARY
 ----------------------------------------------------------------------------------------------------------
                                OUTER      INNER                    STEP   MAXIMUM CHANGE MODEL-(CELLID) OR
 OUTER ITERATION STEP       ITERATION  ITERATION  MAXIMUM CHANGE SUCCESS             MODEL-PACKAGE-(NUMBER)
 ----------------------------------------------------------------------------------------------------------
 Model                              1          4      -1.7164807                              1_GWF-(1,8,4)
 Model                              2          4 -8.92860487E-02                              1_GWF-(1,7,7)
 Model                              3          3 -1.65764295E-03                              1_GWF-(1,7,7)
 Model                              4          2 -1.36587264E-05                             1_GWF-(1,13,1)
 Model                              5          1 -3.38773589E-07       *                     1_GWF-(1,13,1)
 Package                            5             3.04862704E-03                    1_GWF-SFR_0-(36)-inflow
 Model                              6          1 -5.32077138E-09       *                     1_GWF-(1,13,1)
 Package                            6             5.54762602E-05                    1_GWF-SFR_0-(36)-inflow
 Model                              7          1 -1.55296220E-10       *                     1_GWF-(1,13,1)
 Package                            7             7.46834280E-07       *            1_GWF-SFR_0-(36)-inflow
 ----------------------------------------------------------------------------------------------------------


 7 CALLS TO NUMERICAL SOLUTION IN TIME STEP 11 STRESS PERIOD 2
 16 TOTAL ITERATIONS
 
    Solving:  Stress period:     2    Time step:    12
 

 SLN_1 OUTER ITERATION SUMMARY
 ----------------------------------------------------------------------------------------------------------
                                OUTER      INNER                    STEP   MAXIMUM CHANGE MODEL-(CELLID) OR
 OUTER ITERATION STEP       ITERATION  ITERATION  MAXIMUM CHANGE SUCCESS             MODEL-PACKAGE-(NUMBER)
 ----------------------------------------------------------------------------------------------------------
 Model                              1          4      -1.7070157                              1_GWF-(1,8,3)
 Model                              2          3 -1.02838854E-02                              1_GWF-(1,8,7)
 Model                              3          2 -3.96586191E-04                             1_GWF-(1,13,1)
 Model                              4          2 -1.33061151E-05                             1_GWF-(1,13,1)
 Model                              5          1 -2.86976956E-07       *                     1_GWF-(1,13,1)
 Package                            5             2.75021286E-03                    1_GWF-SFR_0-(36)-inflow
 Model                              6          1 -3.20585514E-09       *                     1_GWF-(1,13,1)
 Package                            6             4.09604951E-05                    1_GWF-SFR_0-(36)-inflow
 Model                              7          1 -2.34649633E-10       *                     1_GWF-(1,13,1)
 Package                            7             4.05557230E-07       *            1_GWF-SFR_0-(36)-inflow
 ----------------------------------------------------------------------------------------------------------


 7 CALLS TO NUMERICAL SOLUTION IN TIME STEP 12 STRESS PERIOD 2
 14 TOTAL ITERATIONS
 
    Solving:  Stress period:     2    Time step:    13
 

 SLN_1 OUTER ITERATION SUMMARY
 ----------------------------------------------------------------------------------------------------------
                                OUTER      INNER                    STEP   MAXIMUM CHANGE MODEL-(CELLID) OR
 OUTER ITERATION STEP       ITERATION  ITERATION  MAXIMUM CHANGE SUCCESS             MODEL-PACKAGE-(NUMBER)
 ----------------------------------------------------------------------------------------------------------
 Model                              1          4      -1.7249983                              1_GWF-(1,8,3)
 Model                              2          4     -0.11331973                              1_GWF-(1,3,5)
 Model                              3          3 -4.39960102E-04                             1_GWF-(1,13,1)
 Model                              4          2 -1.65527580E-05                             1_GWF-(1,13,1)
 Model                              5          1 -4.18142463E-07       *                     1_GWF-(1,13,1)
 Package                            5             4.24442710E-03                    1_GWF-SFR_0-(36)-inflow
 Model                              6          1 -6.67500899E-09       *                     1_GWF-(1,13,1)
 Package                            6             7.65813060E-05                    1_GWF-SFR_0-(36)-inflow
 Model                              7          1 -1.50976120E-10       *                     1_GWF-(1,13,1)
 Package                            7             1.02708695E-06                    1_GWF-SFR_0-(36)-inflow
 Model                              8          1 -9.26547727E-11       *                     1_GWF-(1,13,1)
 Package                            8             2.59818302E-08       *            1_GWF-SFR_0-(36)-inflow
 ----------------------------------------------------------------------------------------------------------


 8 CALLS TO NUMERICAL SOLUTION IN TIME STEP 13 STRESS PERIOD 2
 17 TOTAL ITERATIONS
 
    Solving:  Stress period:     2    Time step:    14
 

 SLN_1 OUTER ITERATION SUMMARY
 ----------------------------------------------------------------------------------------------------------
                                OUTER      INNER                    STEP   MAXIMUM CHANGE MODEL-(CELLID) OR
 OUTER ITERATION STEP       ITERATION  ITERATION  MAXIMUM CHANGE SUCCESS             MODEL-PACKAGE-(NUMBER)
 ----------------------------------------------------------------------------------------------------------
 Model                              1          4      -1.7408776                              1_GWF-(1,8,3)
 Model                              2          4 -3.92025367E-02                              1_GWF-(1,8,6)
 Model                              3          3 -2.65564725E-03                              1_GWF-(1,8,6)
 Model                              4          2 -2.41314949E-05                              1_GWF-(1,8,6)
 Model                              5          1 -3.28449687E-07       *                     1_GWF-(1,13,1)
 Package                            5             3.56492383E-03                    1_GWF-SFR_0-(36)-inflow
 Model                              6          1 -3.95323241E-09       *                     1_GWF-(1,13,1)
 Package                            6             5.34190199E-05                    1_GWF-SFR_0-(36)-inflow
 Model                              7          1 -2.32148523E-10       *                      1_GWF-(1,8,6)
 Package                            7             5.18030614E-07       *            1_GWF-SFR_0-(36)-inflow
 ----------------------------------------------------------------------------------------------------------


 7 CALLS TO NUMERICAL SOLUTION IN TIME STEP 14 STRESS PERIOD 2
 16 TOTAL ITERATIONS
 
    Solving:  Stress period:     2    Time step:    15
 

 SLN_1 OUTER ITERATION SUMMARY
 ----------------------------------------------------------------------------------------------------------
                                OUTER      INNER                    STEP   MAXIMUM CHANGE MODEL-(CELLID) OR
 OUTER ITERATION STEP       ITERATION  ITERATION  MAXIMUM CHANGE SUCCESS             MODEL-PACKAGE-(NUMBER)
 ----------------------------------------------------------------------------------------------------------
 Model                              1          4      -1.7575700                              1_GWF-(1,8,3)
 Model                              2          4     -0.12708133                              1_GWF-(1,8,6)
 Model                              3          5       3.2021295                              1_GWF-(1,6,4)
 Model                              4          5       2.7132556                              1_GWF-(1,6,5)
 Model                              5          5       3.2703709                              1_GWF-(1,7,4)
 Model                              6          5       2.7230447                              1_GWF-(1,7,5)
 Model                              7          5       3.4330958                              1_GWF-(1,8,4)
 Model                              8          5       2.7901822                              1_GWF-(1,8,5)
 Model                              9          5       3.4722955                              1_GWF-(1,9,4)
 Model                             10          5       2.7667979                              1_GWF-(1,9,5)
 Model                             11          5       3.4199710                             1_GWF-(1,10,4)
 Model                             12          5       2.7615403                             1_GWF-(1,10,5)
 Model                             13          3 -3.38839877E-03                             1_GWF-(1,10,5)
 Model                             14          2  5.45314357E-05                             1_GWF-(1,13,1)
 Model                             15          2  1.29798548E-06                             1_GWF-(1,13,1)
 Model                             16          1  1.91936351E-08       *                     1_GWF-(1,13,1)
 Package                           16            -2.28174703E-04                    1_GWF-SFR_0-(36)-inflow
 Model                             17          1  1.05956133E-10       *                      1_GWF-(1,7,7)
 Package                           17            -2.49251036E-06                    1_GWF-SFR_0-(36)-inflow
 Model                             18          1  7.36690708E-11       *                      1_GWF-(1,7,7)
 Package                           18            -1.19848057E-08       *            1_GWF-SFR_0-(36)-inflow
 ----------------------------------------------------------------------------------------------------------


 18 CALLS TO NUMERICAL SOLUTION IN TIME STEP 15 STRESS PERIOD 2
 68 TOTAL ITERATIONS
 
    Solving:  Stress period:     2    Time step:    16
 

 SLN_1 OUTER ITERATION SUMMARY
 ----------------------------------------------------------------------------------------------------------
                                OUTER      INNER                    STEP   MAXIMUM CHANGE MODEL-(CELLID) OR
 OUTER ITERATION STEP       ITERATION  ITERATION  MAXIMUM CHANGE SUCCESS             MODEL-PACKAGE-(NUMBER)
 ----------------------------------------------------------------------------------------------------------
 Model                              1          5      -3.6661999                              1_GWF-(1,8,4)
 Model                              2          5       3.3194266                              1_GWF-(1,6,4)
 Model                              3          5       2.8124189                              1_GWF-(1,6,5)
 Model                              4          5       3.3908280                              1_GWF-(1,7,4)
 Model                              5          5       2.8148032                              1_GWF-(1,7,5)
 Model                              6          5       3.5558042                              1_GWF-(1,8,4)
 Model                              7          5       2.8825084                              1_GWF-(1,8,5)
 Model                              8          5       3.5953891                              1_GWF-(1,9,4)
 Model                              9          5       2.8582211                              1_GWF-(1,9,5)
 Model                             10          5       3.5471447                             1_GWF-(1,10,4)
 Model                             11          5       2.8589197                             1_GWF-(1,10,5)
 Model                             12          3 -6.00342908E-03                             1_GWF-(1,10,5)
 Model                             13          2  6.77139168E-05                             1_GWF-(1,13,1)
 Model                             14          2  1.70089504E-06                             1_GWF-(1,13,1)
 Model                             15          1  2.69835709E-08       *                     1_GWF-(1,13,1)
 Package                           15            -3.38903624E-04                    1_GWF-SFR_0-(36)-inflow
 Model                             16          1  3.77667675E-10       *                      1_GWF-(1,7,7)
 Package                           16            -3.96881431E-06                    1_GWF-SFR_0-(36)-inflow
 Model                             17          1  1.99634087E-10       *                      1_GWF-(1,7,7)
 Package                           17            -2.16104495E-08       *            1_GWF-SFR_0-(36)-inflow
 ----------------------------------------------------------------------------------------------------------


 17 CALLS TO NUMERICAL SOLUTION IN TIME STEP 16 STRESS PERIOD 2
 65 TOTAL ITERATIONS
 
    Solving:  Stress period:     2    Time step:    17
 

 SLN_1 OUTER ITERATION SUMMARY
 ----------------------------------------------------------------------------------------------------------
                                OUTER      INNER                    STEP   MAXIMUM CHANGE MODEL-(CELLID) OR
 OUTER ITERATION STEP       ITERATION  ITERATION  MAXIMUM CHANGE SUCCESS             MODEL-PACKAGE-(NUMBER)
 ----------------------------------------------------------------------------------------------------------
 Model                              1          5      -5.3082980                              1_GWF-(1,8,4)
 Model                              2          5       3.4433526                              1_GWF-(1,6,4)
 Model                              3          5       2.9086407                              1_GWF-(1,6,5)
 Model                              4          5       3.5133305                              1_GWF-(1,7,4)
 Model                              5          5       2.9087698                              1_GWF-(1,7,5)
 Model                              6          5       3.6824191                              1_GWF-(1,8,4)
 Model                              7          5       2.9770955                              1_GWF-(1,8,5)
 Model                              8          5       3.7227108                              1_GWF-(1,9,4)
 Model                              9          5       2.9524051                              1_GWF-(1,9,5)
 Model                             10          5       3.6889566                             1_GWF-(1,10,4)
 Model                             11          5       2.9495924                             1_GWF-(1,10,5)
 Model                             12          3 -6.23612832E-03                             1_GWF-(1,10,5)
 Model                             13          3  8.15238386E-05                             1_GWF-(1,13,1)
 Model                             14          2  2.08992117E-06                             1_GWF-(1,13,1)
 Model                             15          1  3.48256890E-08       *                      1_GWF-(1,8,6)
 Package                           15            -4.60692162E-04                    1_GWF-SFR_0-(36)-inflow
 Model                             16          1  8.60154614E-10       *                      1_GWF-(1,7,7)
 Package                           16            -5.63737037E-06                    1_GWF-SFR_0-(36)-inflow
 Model                             17          1  3.31283445E-10       *                      1_GWF-(1,7,7)
 Package                           17            -3.37613647E-08       *            1_GWF-SFR_0-(36)-inflow
 ----------------------------------------------------------------------------------------------------------


 17 CALLS TO NUMERICAL SOLUTION IN TIME STEP 17 STRESS PERIOD 2
 66 TOTAL ITERATIONS
 
    Solving:  Stress period:     2    Time step:    18
 

 SLN_1 OUTER ITERATION SUMMARY
 ----------------------------------------------------------------------------------------------------------
                                OUTER      INNER                    STEP   MAXIMUM CHANGE MODEL-(CELLID) OR
 OUTER ITERATION STEP       ITERATION  ITERATION  MAXIMUM CHANGE SUCCESS             MODEL-PACKAGE-(NUMBER)
 ----------------------------------------------------------------------------------------------------------
 Model                              1          5      -6.6144801                              1_GWF-(1,8,4)
 Model                              2          5       3.5683792                              1_GWF-(1,6,4)
 Model                              3          5       3.0066880                              1_GWF-(1,6,5)
 Model                              4          5       3.6384993                              1_GWF-(1,7,4)
 Model                              5          5       3.0078140                              1_GWF-(1,7,5)
 Model                              6          5       3.8130455                              1_GWF-(1,8,4)
 Model                              7          5       3.0735210                              1_GWF-(1,8,5)
 Model                              8          5       3.8541801                              1_GWF-(1,9,4)
 Model                              9          5       3.0473637                              1_GWF-(1,9,5)
 Model                             10          5       3.8185568                             1_GWF-(1,10,4)
 Model                             11          5       3.0446436                             1_GWF-(1,10,5)
 Model                             12          3 -6.68986888E-03                             1_GWF-(1,10,5)
 Model                             13          3  1.19252182E-04                              1_GWF-(1,8,6)
 Model                             14          2  2.52451480E-06                             1_GWF-(1,13,1)
 Model                             15          1  6.94694791E-08       *                      1_GWF-(1,8,6)
 Package                           15            -6.17135766E-04                    1_GWF-SFR_0-(36)-inflow
 Model                             16          1  1.81671567E-09       *                      1_GWF-(1,8,6)
 Package                           16            -7.90269081E-06                    1_GWF-SFR_0-(36)-inflow
 Model                             17          1  5.51835910E-10       *                      1_GWF-(1,8,6)
 Package                           17            -6.49772378E-08       *            1_GWF-SFR_0-(36)-inflow
 ----------------------------------------------------------------------------------------------------------


 17 CALLS TO NUMERICAL SOLUTION IN TIME STEP 18 STRESS PERIOD 2
 66 TOTAL ITERATIONS
 
    Solving:  Stress period:     2    Time step:    19
 

 SLN_1 OUTER ITERATION SUMMARY
 ----------------------------------------------------------------------------------------------------------
                                OUTER      INNER                    STEP   MAXIMUM CHANGE MODEL-(CELLID) OR
 OUTER ITERATION STEP       ITERATION  ITERATION  MAXIMUM CHANGE SUCCESS             MODEL-PACKAGE-(NUMBER)
 ----------------------------------------------------------------------------------------------------------
 Model                              1          5      -7.7040271                              1_GWF-(1,8,4)
 Model                              2          5       3.6932943                              1_GWF-(1,6,4)
 Model                              3          5       3.1062461                              1_GWF-(1,6,5)
 Model                              4          5       3.7658671                              1_GWF-(1,7,4)
 Model                              5          5       3.1054603                              1_GWF-(1,7,5)
 Model                              6          5       3.9464881                              1_GWF-(1,8,4)
 Model                              7          5       3.1769490                              1_GWF-(1,8,5)
 Model                              8          4 -1.52094782E-02                              1_GWF-(1,8,5)
 Model                              9          2  4.30663300E-05                             1_GWF-(1,13,1)
 Model                             10          2  1.71766771E-06                             1_GWF-(1,13,1)
 Model                             11          1  4.38368488E-08       *                     1_GWF-(1,13,1)
 Package                           11            -6.88492048E-04                    1_GWF-SFR_0-(36)-inflow
 Model                             12          1  2.02817318E-10       *                     1_GWF-(1,12,4)
 Package                           12            -1.23424942E-05                    1_GWF-SFR_0-(36)-inflow
 Model                             13          1  1.21417543E-10       *                     1_GWF-(1,12,4)
 Package                           13            -6.24131711E-08       *            1_GWF-SFR_0-(36)-inflow
 ----------------------------------------------------------------------------------------------------------


 13 CALLS TO NUMERICAL SOLUTION IN TIME STEP 19 STRESS PERIOD 2
 46 TOTAL ITERATIONS
 
    Solving:  Stress period:     2    Time step:    20
 

 SLN_1 OUTER ITERATION SUMMARY
 ----------------------------------------------------------------------------------------------------------
                                OUTER      INNER                    STEP   MAXIMUM CHANGE MODEL-(CELLID) OR
 OUTER ITERATION STEP       ITERATION  ITERATION  MAXIMUM CHANGE SUCCESS             MODEL-PACKAGE-(NUMBER)
 ----------------------------------------------------------------------------------------------------------
 Model                              1          6      -8.4709680                              1_GWF-(1,8,4)
 Model                              2          4 -4.76239142E-02                              1_GWF-(1,8,4)
 Model                              3          5       3.8312820                              1_GWF-(1,6,4)
 Model                              4          6       3.2043450                              1_GWF-(1,6,5)
 Model                              5          4 -9.32175992E-03                              1_GWF-(1,6,5)
 Model                              6          3  8.74136607E-05                             1_GWF-(1,13,1)
 Model                              7          2  4.56256214E-06                             1_GWF-(1,13,1)
 Model                              8          1  1.40044335E-07       *                     1_GWF-(1,13,1)
 Package                            8            -2.35561078E-03                    1_GWF-SFR_0-(36)-inflow
 Model                              9          1  1.75407422E-09       *                     1_GWF-(1,12,4)
 Package                            9            -4.84361273E-05                    1_GWF-SFR_0-(36)-inflow
 Model                             10          1  3.10365067E-10       *                     1_GWF-(1,12,4)
 Package                           10            -6.54620280E-07       *            1_GWF-SFR_0-(36)-inflow
 ----------------------------------------------------------------------------------------------------------


 10 CALLS TO NUMERICAL SOLUTION IN TIME STEP 20 STRESS PERIOD 2
 33 TOTAL ITERATIONS
 
    Solving:  Stress period:     2    Time step:    21
 

 SLN_1 OUTER ITERATION SUMMARY
 ----------------------------------------------------------------------------------------------------------
                                OUTER      INNER                    STEP   MAXIMUM CHANGE MODEL-(CELLID) OR
 OUTER ITERATION STEP       ITERATION  ITERATION  MAXIMUM CHANGE SUCCESS             MODEL-PACKAGE-(NUMBER)
 ----------------------------------------------------------------------------------------------------------
 Model                              1          6      -7.2662474                              1_GWF-(1,6,4)
 Model                              2          4 -3.61968917E-02                              1_GWF-(1,8,6)
 Model                              3          6       3.9744172                              1_GWF-(1,6,4)
 Model                              4          6       3.3182087                              1_GWF-(1,6,5)
 Model                              5          6       4.0498278                              1_GWF-(1,7,4)
 Model                              6          5       3.3158929                              1_GWF-(1,7,5)
 Model                              7          4 -7.56425870E-03                              1_GWF-(1,7,5)
 Model                              8          3  7.98669853E-05                             1_GWF-(1,13,1)
 Model                              9          2  3.99900273E-06                             1_GWF-(1,13,1)
 Model                             10          1  1.21723701E-07       *                     1_GWF-(1,13,1)
 Package                           10            -2.20689166E-03                    1_GWF-SFR_0-(36)-inflow
 Model                             11          1  1.60900981E-09       *                     1_GWF-(1,12,4)
 Package                           11            -4.58346399E-05                    1_GWF-SFR_0-(36)-inflow
 Model                             12          1  3.37990969E-10       *                     1_GWF-(1,12,4)
 Package                           12            -6.18519971E-07       *            1_GWF-SFR_0-(36)-inflow
 ----------------------------------------------------------------------------------------------------------


 12 CALLS TO NUMERICAL SOLUTION IN TIME STEP 21 STRESS PERIOD 2
 45 TOTAL ITERATIONS
 
    Solving:  Stress period:     2    Time step:    22
 

 SLN_1 OUTER ITERATION SUMMARY
 ----------------------------------------------------------------------------------------------------------
                                OUTER      INNER                    STEP   MAXIMUM CHANGE MODEL-(CELLID) OR
 OUTER ITERATION STEP       ITERATION  ITERATION  MAXIMUM CHANGE SUCCESS             MODEL-PACKAGE-(NUMBER)
 ----------------------------------------------------------------------------------------------------------
 Model                              1          6      -8.0762669                              1_GWF-(1,7,4)
 Model                              2          5 -9.05234817E-02                              1_GWF-(1,8,6)
 Model                              3          6       4.1131465                              1_GWF-(1,6,4)
 Model                              4          6       3.4301203                              1_GWF-(1,6,5)
 Model                              5          6       4.1921219                              1_GWF-(1,7,4)
 Model                              6          6       3.4233933                              1_GWF-(1,7,5)
 Model                              7          5       4.4077420                              1_GWF-(1,8,4)
 Model                              8          5       3.5120054                              1_GWF-(1,8,5)
 Model                              9          4 -9.06803345E-03                              1_GWF-(1,8,5)
 Model                             10          3  8.52427049E-05                             1_GWF-(1,13,1)
 Model                             11          2  3.69709630E-06                             1_GWF-(1,13,1)
 Model                             12          1  1.03948878E-07       *                     1_GWF-(1,13,1)
 Package                           12            -2.03816418E-03                    1_GWF-SFR_0-(36)-inflow
 Model                             13          1  1.33104550E-09       *                     1_GWF-(1,12,4)
 Package                           13            -4.07850817E-05                    1_GWF-SFR_0-(36)-inflow
 Model                             14          1  3.55157681E-10       *                     1_GWF-(1,12,4)
 Package                           14            -5.17621222E-07       *            1_GWF-SFR_0-(36)-inflow
 ----------------------------------------------------------------------------------------------------------


 14 CALLS TO NUMERICAL SOLUTION IN TIME STEP 22 STRESS PERIOD 2
 57 TOTAL ITERATIONS
 
    Solving:  Stress period:     2    Time step:    23
 

 SLN_1 OUTER ITERATION SUMMARY
 ----------------------------------------------------------------------------------------------------------
                                OUTER      INNER                    STEP   MAXIMUM CHANGE MODEL-(CELLID) OR
 OUTER ITERATION STEP       ITERATION  ITERATION  MAXIMUM CHANGE SUCCESS             MODEL-PACKAGE-(NUMBER)
 ----------------------------------------------------------------------------------------------------------
 Model                              1          6      -9.4191374                              1_GWF-(1,7,4)
 Model                              2          5 -7.69318566E-02                              1_GWF-(1,8,6)
 Model                              3          6       4.2506930                              1_GWF-(1,6,4)
 Model                              4          6       3.5380924                              1_GWF-(1,6,5)
 Model                              5          6       4.3246896                              1_GWF-(1,7,4)
 Model                              6          6       3.5325723                              1_GWF-(1,7,5)
 Model                              7          6       4.5459987                              1_GWF-(1,8,4)
 Model                              8          4 -1.45939553E-02                              1_GWF-(1,8,4)
 Model                              9          3  8.34179359E-05                             1_GWF-(1,13,1)
 Model                             10          2  3.43439888E-06                             1_GWF-(1,13,1)
 Model                             11          1  9.33098363E-08       *                     1_GWF-(1,13,1)
 Package                           11            -1.98117374E-03                    1_GWF-SFR_0-(36)-inflow
 Model                             12          1  1.16426691E-09       *                     1_GWF-(1,12,4)
 Package                           12            -3.87212614E-05                    1_GWF-SFR_0-(36)-inflow
 Model                             13          1  3.62547325E-10       *                     1_GWF-(1,12,4)
 Package                           13            -4.69059987E-07       *            1_GWF-SFR_0-(36)-inflow
 ----------------------------------------------------------------------------------------------------------


 13 CALLS TO NUMERICAL SOLUTION IN TIME STEP 23 STRESS PERIOD 2
 53 TOTAL ITERATIONS
 
    Solving:  Stress period:     2    Time step:    24
 

 SLN_1 OUTER ITERATION SUMMARY
 ----------------------------------------------------------------------------------------------------------
                                OUTER      INNER                    STEP   MAXIMUM CHANGE MODEL-(CELLID) OR
 OUTER ITERATION STEP       ITERATION  ITERATION  MAXIMUM CHANGE SUCCESS             MODEL-PACKAGE-(NUMBER)
 ----------------------------------------------------------------------------------------------------------
 Model                              1          6      -10.354587                              1_GWF-(1,7,4)
 Model                              2          5     -0.30143585                              1_GWF-(1,3,5)
 Model                              3          6       4.3924751                              1_GWF-(1,6,4)
 Model                              4          6       3.6518748                              1_GWF-(1,6,5)
 Model                              5          6       4.4699094                              1_GWF-(1,7,4)
 Model                              6          6       3.6438710                              1_GWF-(1,7,5)
 Model                              7          6       4.6968937                              1_GWF-(1,8,4)
 Model                              8          4 -1.58000452E-02                              1_GWF-(1,8,4)
 Model                              9          3  9.62487557E-05                             1_GWF-(1,13,1)
 Model                             10          2  3.91407900E-06                             1_GWF-(1,13,1)
 Model                             11          1  1.05707159E-07       *                     1_GWF-(1,13,1)
 Package                           11            -2.43290105E-03                    1_GWF-SFR_0-(36)-inflow
 Model                             12          1  1.48645540E-09       *                     1_GWF-(1,12,4)
 Package                           12            -4.79025536E-05                    1_GWF-SFR_0-(36)-inflow
 Model                             13          1  4.01996658E-10       *                     1_GWF-(1,12,4)
 Package                           13            -6.76469505E-07       *            1_GWF-SFR_0-(36)-inflow
 ----------------------------------------------------------------------------------------------------------


 13 CALLS TO NUMERICAL SOLUTION IN TIME STEP 24 STRESS PERIOD 2
 53 TOTAL ITERATIONS
 
    Solving:  Stress period:     2    Time step:    25
 

 SLN_1 OUTER ITERATION SUMMARY
 ----------------------------------------------------------------------------------------------------------
                                OUTER      INNER                    STEP   MAXIMUM CHANGE MODEL-(CELLID) OR
 OUTER ITERATION STEP       ITERATION  ITERATION  MAXIMUM CHANGE SUCCESS             MODEL-PACKAGE-(NUMBER)
 ----------------------------------------------------------------------------------------------------------
 Model                              1          6      -10.972080                              1_GWF-(1,7,4)
 Model                              2          5     -0.33977417                              1_GWF-(1,3,5)
 Model                              3          6       4.5364020                              1_GWF-(1,6,4)
 Model                              4          6       3.7669099                              1_GWF-(1,6,5)
 Model                              5          6       4.6254075                              1_GWF-(1,7,4)
 Model                              6          6       3.7573211                              1_GWF-(1,7,5)
 Model                              7          6       4.8503317                              1_GWF-(1,8,4)
 Model                              8          5 -1.67482574E-02                              1_GWF-(1,8,4)
 Model                              9          3  1.13989861E-04                             1_GWF-(1,13,1)
 Model                             10          2  4.65106689E-06                             1_GWF-(1,13,1)
 Model                             11          1  1.27672479E-07       *                     1_GWF-(1,13,1)
 Package                           11            -3.18931020E-03                    1_GWF-SFR_0-(36)-inflow
 Model                             12          1  1.98315320E-09       *                     1_GWF-(1,12,4)
 Package                           12            -6.48096229E-05                    1_GWF-SFR_0-(36)-inflow
 Model                             13          1  4.29054126E-10       *                     1_GWF-(1,12,4)
 Package                           13            -1.07975699E-06                    1_GWF-SFR_0-(36)-inflow
 Model                             14          1  2.27373675E-10       *                     1_GWF-(1,12,4)
 Package                           14            -2.36327596E-07       *            1_GWF-SFR_0-(36)-inflow
 ----------------------------------------------------------------------------------------------------------


 14 CALLS TO NUMERICAL SOLUTION IN TIME STEP 25 STRESS PERIOD 2
 55 TOTAL ITERATIONS
 
    Solving:  Stress period:     2    Time step:    26
 

 SLN_1 OUTER ITERATION SUMMARY
 ----------------------------------------------------------------------------------------------------------
                                OUTER      INNER                    STEP   MAXIMUM CHANGE MODEL-(CELLID) OR
 OUTER ITERATION STEP       ITERATION  ITERATION  MAXIMUM CHANGE SUCCESS             MODEL-PACKAGE-(NUMBER)
 ----------------------------------------------------------------------------------------------------------
 Model                              1          6      -11.538602                              1_GWF-(1,7,4)
 Model                              2          5     -0.40267590                              1_GWF-(1,3,5)
 Model                              3          6       4.6833139                              1_GWF-(1,6,4)
 Model                              4          6       3.8946733                              1_GWF-(1,6,5)
 Model                              5          6       4.7810678                              1_GWF-(1,7,4)
 Model                              6          6       3.8725434                              1_GWF-(1,7,5)
 Model                              7          6       5.0045992                              1_GWF-(1,8,4)
 Model                              8          6       3.9785902                              1_GWF-(1,8,5)
 Model                              9          5 -2.10924710E-02                              1_GWF-(1,8,5)
 Model                             10          3  1.79384625E-04                             1_GWF-(1,13,1)
 Model                             11          2  8.07927734E-06                             1_GWF-(1,13,1)
 Model                             12          1  2.36914275E-07       *                     1_GWF-(1,13,1)
 Package                           12            -6.43910562E-03                    1_GWF-SFR_0-(36)-inflow
 Model                             13          1  4.14638635E-09       *                     1_GWF-(1,13,1)
 Package                           13            -1.38049271E-04                    1_GWF-SFR_0-(36)-inflow
 Model                             14          1  4.32351044E-10       *                     1_GWF-(1,10,5)
 Package                           14            -2.78084698E-06                    1_GWF-SFR_0-(36)-inflow
 Model                             15          1  2.48519427E-10       *                     1_GWF-(1,10,5)
 Package                           15            -2.66041462E-07       *            1_GWF-SFR_0-(36)-inflow
 ----------------------------------------------------------------------------------------------------------


 15 CALLS TO NUMERICAL SOLUTION IN TIME STEP 26 STRESS PERIOD 2
 61 TOTAL ITERATIONS
 
    Solving:  Stress period:     2    Time step:    27
 

 SLN_1 OUTER ITERATION SUMMARY
 ----------------------------------------------------------------------------------------------------------
                                OUTER      INNER                    STEP   MAXIMUM CHANGE MODEL-(CELLID) OR
 OUTER ITERATION STEP       ITERATION  ITERATION  MAXIMUM CHANGE SUCCESS             MODEL-PACKAGE-(NUMBER)
 ----------------------------------------------------------------------------------------------------------
 Model                              1          7      -12.310812                              1_GWF-(1,7,4)
 Model                              2          5     -0.41814657                              1_GWF-(1,3,5)
 Model                              3          7       4.8291935                              1_GWF-(1,6,4)
 Model                              4          7       4.0157747                              1_GWF-(1,6,5)
 Model                              5          7       4.9232509                              1_GWF-(1,7,4)
 Model                              6          6       3.9839338                              1_GWF-(1,7,5)
 Model                              7          6       5.1509747                              1_GWF-(1,8,4)
 Model                              8          5 -1.92997122E-02                              1_GWF-(1,8,4)
 Model                              9          3  1.53282938E-04                             1_GWF-(1,13,1)
 Model                             10          2  6.41734698E-06                             1_GWF-(1,13,1)
 Model                             11          1  2.05286597E-07       *                     1_GWF-(1,13,1)
 Package                           11            -6.05523302E-03                    1_GWF-SFR_0-(36)-inflow
 Model                             12          1  4.26928182E-09       *                     1_GWF-(1,13,1)
 Package                           12            -1.47492912E-04                    1_GWF-SFR_0-(36)-inflow
 Model                             13          1  5.86396709E-10       *                      1_GWF-(1,9,5)
 Package                           13            -3.47194876E-06                    1_GWF-SFR_0-(36)-inflow
 Model                             14          1  3.38673090E-10       *                      1_GWF-(1,9,5)
 Package                           14            -3.21794218E-07       *            1_GWF-SFR_0-(36)-inflow
 ----------------------------------------------------------------------------------------------------------


 14 CALLS TO NUMERICAL SOLUTION IN TIME STEP 27 STRESS PERIOD 2
 59 TOTAL ITERATIONS
 
    Solving:  Stress period:     2    Time step:    28
 

 SLN_1 OUTER ITERATION SUMMARY
 ----------------------------------------------------------------------------------------------------------
                                OUTER      INNER                    STEP   MAXIMUM CHANGE MODEL-(CELLID) OR
 OUTER ITERATION STEP       ITERATION  ITERATION  MAXIMUM CHANGE SUCCESS             MODEL-PACKAGE-(NUMBER)
 ----------------------------------------------------------------------------------------------------------
 Model                              1          7      -12.876733                              1_GWF-(1,7,4)
 Model                              2          6     -0.51094177                              1_GWF-(1,3,5)
 Model                              3          7       4.9790810                              1_GWF-(1,6,4)
 Model                              4          7       4.1412885                              1_GWF-(1,6,5)
 Model                              5          7       5.0899681                              1_GWF-(1,7,4)
 Model                              6          7       4.1127186                              1_GWF-(1,7,5)
 Model                              7          6       5.3108705                              1_GWF-(1,8,4)
 Model                              8          5 -2.06564240E-02                              1_GWF-(1,8,4)
 Model                              9          3  1.89483509E-04                             1_GWF-(1,13,1)
 Model                             10          2  8.02432294E-06                             1_GWF-(1,13,1)
 Model                             11          1  2.37323206E-07       *                     1_GWF-(1,13,1)
 Package                           11            -7.64279580E-03                    1_GWF-SFR_0-(36)-inflow
 Model                             12          1  4.92741492E-09       *                     1_GWF-(1,13,1)
 Package                           12            -1.75047315E-04                    1_GWF-SFR_0-(36)-inflow
 Model                             13          1  7.61019692E-10       *                      1_GWF-(1,9,5)
 Package                           13            -4.33129201E-06                    1_GWF-SFR_0-(36)-inflow
 Model                             14          1  4.37012204E-10       *                      1_GWF-(1,9,5)
 Package                           14            -3.66421018E-07       *            1_GWF-SFR_0-(36)-inflow
 ----------------------------------------------------------------------------------------------------------


 14 CALLS TO NUMERICAL SOLUTION IN TIME STEP 28 STRESS PERIOD 2
 61 TOTAL ITERATIONS
 
    Solving:  Stress period:     2    Time step:    29
 

 SLN_1 OUTER ITERATION SUMMARY
 ----------------------------------------------------------------------------------------------------------
                                OUTER      INNER                    STEP   MAXIMUM CHANGE MODEL-(CELLID) OR
 OUTER ITERATION STEP       ITERATION  ITERATION  MAXIMUM CHANGE SUCCESS             MODEL-PACKAGE-(NUMBER)
 ----------------------------------------------------------------------------------------------------------
 Model                              1          7      -13.366469                              1_GWF-(1,7,4)
 Model                              2          6     -0.63274493                              1_GWF-(1,3,5)
 Model                              3          7       5.1301740                              1_GWF-(1,6,4)
 Model                              4          7       4.2712430                              1_GWF-(1,6,5)
 Model                              5          7       5.2452018                              1_GWF-(1,7,4)
 Model                              6          7       4.2686875                              1_GWF-(1,7,5)
 Model                              7          7       5.4702326                              1_GWF-(1,8,4)
 Model                              8          6       4.3409938                              1_GWF-(1,8,5)
 Model                              9          5 -2.20014200E-02                              1_GWF-(1,8,5)
 Model                             10          4  2.71436456E-04                             1_GWF-(1,13,1)
 Model                             11          2  1.26852145E-05                             1_GWF-(1,13,1)
 Model                             12          1  4.16014473E-07       *                     1_GWF-(1,13,1)
 Package                           12            -1.46037007E-02                    1_GWF-SFR_0-(36)-inflow
 Model                             13          1  1.09992015E-08       *                     1_GWF-(1,13,1)
 Package                           13            -3.66772553E-04                    1_GWF-SFR_0-(36)-inflow
 Model                             14          1  1.70098247E-09       *                      1_GWF-(1,9,6)
 Package                           14            -1.02080584E-05                    1_GWF-SFR_0-(36)-inflow
 Model                             15          1  7.92397259E-10       *                      1_GWF-(1,8,6)
 Package                           15            -8.12897054E-07       *            1_GWF-SFR_0-(27)-inflow
 ----------------------------------------------------------------------------------------------------------


 15 CALLS TO NUMERICAL SOLUTION IN TIME STEP 29 STRESS PERIOD 2
 69 TOTAL ITERATIONS
 
    Solving:  Stress period:     2    Time step:    30
 

 SLN_1 OUTER ITERATION SUMMARY
 ----------------------------------------------------------------------------------------------------------
                                OUTER      INNER                    STEP   MAXIMUM CHANGE MODEL-(CELLID) OR
 OUTER ITERATION STEP       ITERATION  ITERATION  MAXIMUM CHANGE SUCCESS             MODEL-PACKAGE-(NUMBER)
 ----------------------------------------------------------------------------------------------------------
 Model                              1          7      -14.262741                              1_GWF-(1,7,4)
 Model                              2          6     -0.66994039                              1_GWF-(1,3,5)
 Model                              3          7       5.2812695                              1_GWF-(1,6,4)
 Model                              4          7       4.4011584                              1_GWF-(1,6,5)
 Model                              5          7       5.4025008                              1_GWF-(1,7,4)
 Model                              6          7       4.3785817                              1_GWF-(1,7,5)
 Model                              7          7       5.6188088                              1_GWF-(1,8,4)
 Model                              8          5 -2.32079651E-02                              1_GWF-(1,8,4)
 Model                              9          4  2.56874307E-04                             1_GWF-(1,13,1)
 Model                             10          2  1.13691547E-05                             1_GWF-(1,13,1)
 Model                             11          1  3.59013029E-07       *                     1_GWF-(1,13,1)
 Package                           11            -1.37631763E-02                    1_GWF-SFR_0-(36)-inflow
 Model                             12          1  9.74773684E-09       *                     1_GWF-(1,13,1)
 Package                           12            -3.45931564E-04                    1_GWF-SFR_0-(36)-inflow
 Model                             13          1  1.93176675E-09       *                      1_GWF-(1,9,6)
 Package                           13            -1.04462864E-05                    1_GWF-SFR_0-(36)-inflow
 Model                             14          1  8.95397534E-10       *                      1_GWF-(1,8,6)
 Package                           14            -1.06057540E-06                    1_GWF-SFR_0-(27)-inflow
 Model                             15          1  5.51835910E-10       *                      1_GWF-(1,8,6)
 Package                           15            -4.98612818E-07       *            1_GWF-SFR_0-(27)-inflow
 ----------------------------------------------------------------------------------------------------------


 15 CALLS TO NUMERICAL SOLUTION IN TIME STEP 30 STRESS PERIOD 2
 64 TOTAL ITERATIONS
 
    Solving:  Stress period:     2    Time step:    31
 

 SLN_1 OUTER ITERATION SUMMARY
 ----------------------------------------------------------------------------------------------------------
                                OUTER      INNER                    STEP   MAXIMUM CHANGE MODEL-(CELLID) OR
 OUTER ITERATION STEP       ITERATION  ITERATION  MAXIMUM CHANGE SUCCESS             MODEL-PACKAGE-(NUMBER)
 ----------------------------------------------------------------------------------------------------------
 Model                              1          7      -14.746345                              1_GWF-(1,7,4)
 Model                              2          6     -0.82303547                              1_GWF-(1,3,5)
 Model                              3          7       5.4419348                              1_GWF-(1,6,4)
 Model                              4          7       4.5325266                              1_GWF-(1,6,5)
 Model                              5          7       5.5707676                              1_GWF-(1,7,4)
 Model                              6          7       4.5330402                              1_GWF-(1,7,5)
 Model                              7          7       5.7955485                              1_GWF-(1,8,4)
 Model                              8          7       4.5900509                              1_GWF-(1,8,5)
 Model                              9          6 -2.40497024E-02                              1_GWF-(1,8,5)
 Model                             10          4  3.27526725E-04                             1_GWF-(1,13,1)
 Model                             11          2  1.38300611E-05                             1_GWF-(1,13,1)
 Model                             12          1  4.08689402E-07       *                     1_GWF-(1,13,1)
 Package                           12            -1.71448260E-02                    1_GWF-SFR_0-(36)-inflow
 Model                             13          1  9.32220701E-09       *                     1_GWF-(1,13,1)
 Package                           13            -3.79652489E-04                    1_GWF-SFR_0-(36)-inflow
 Model                             14          1  1.64470748E-09       *                      1_GWF-(1,9,5)
 Package                           14            -9.98257021E-06                    1_GWF-SFR_0-(36)-inflow
 Model                             15          1  8.36507752E-10       *                      1_GWF-(1,9,5)
 Package                           15            -9.00862679E-07       *            1_GWF-SFR_0-(27)-inflow
 ----------------------------------------------------------------------------------------------------------


 15 CALLS TO NUMERICAL SOLUTION IN TIME STEP 31 STRESS PERIOD 2
 71 TOTAL ITERATIONS
 
    Solving:  Stress period:     2    Time step:    32
 

 SLN_1 OUTER ITERATION SUMMARY
 ----------------------------------------------------------------------------------------------------------
                                OUTER      INNER                    STEP   MAXIMUM CHANGE MODEL-(CELLID) OR
 OUTER ITERATION STEP       ITERATION  ITERATION  MAXIMUM CHANGE SUCCESS             MODEL-PACKAGE-(NUMBER)
 ----------------------------------------------------------------------------------------------------------
 Model                              1          7      -15.601692                              1_GWF-(1,7,4)
 Model                              2          6     -0.96210514                              1_GWF-(1,3,5)
 Model                              3          7       5.5925116                              1_GWF-(1,6,4)
 Model                              4          7       4.6669646                              1_GWF-(1,6,5)
 Model                              5          7       5.7306767                              1_GWF-(1,7,4)
 Model                              6          7       4.6646337                              1_GWF-(1,7,5)
 Model                              7          7       5.9368969                              1_GWF-(1,8,4)
 Model                              8          6 -2.53556616E-02                              1_GWF-(1,8,4)
 Model                              9          4  3.50577124E-04                             1_GWF-(1,13,1)
 Model                             10          2  1.62887478E-05                             1_GWF-(1,13,1)
 Model                             11          1  5.46137471E-07       *                     1_GWF-(1,13,1)
 Package                           11            -2.50202084E-02                    1_GWF-SFR_0-(36)-inflow
 Model                             12          1  2.36339019E-08       *                      1_GWF-(1,8,6)
 Package                           12            -6.89161993E-04                    1_GWF-SFR_0-(36)-inflow
 Model                             13          1  5.11340659E-09       *                      1_GWF-(1,8,6)
 Package                           13            -2.49028948E-05                    1_GWF-SFR_0-(36)-inflow
 Model                             14          1  1.53363544E-09       *                      1_GWF-(1,8,5)
 Package                           14            -3.58014064E-06                    1_GWF-SFR_0-(27)-inflow
 Model                             15          1  8.45602699E-10       *                      1_GWF-(1,8,5)
 Package                           15            -1.09692780E-06                    1_GWF-SFR_0-(27)-inflow
 Model                             16          1  5.57975000E-10       *                      1_GWF-(1,8,5)
 Package                           16            -6.06593716E-07       *            1_GWF-SFR_0-(27)-inflow
 ----------------------------------------------------------------------------------------------------------


 16 CALLS TO NUMERICAL SOLUTION IN TIME STEP 32 STRESS PERIOD 2
 66 TOTAL ITERATIONS
 
    Solving:  Stress period:     2    Time step:    33
 

 SLN_1 OUTER ITERATION SUMMARY
 ----------------------------------------------------------------------------------------------------------
                                OUTER      INNER                    STEP   MAXIMUM CHANGE MODEL-(CELLID) OR
 OUTER ITERATION STEP       ITERATION  ITERATION  MAXIMUM CHANGE SUCCESS             MODEL-PACKAGE-(NUMBER)
 ----------------------------------------------------------------------------------------------------------
 Model                              1          7      -16.043574                              1_GWF-(1,7,4)
 Model                              2          7      -1.1507992                              1_GWF-(1,3,5)
 Model                              3          8       5.7571681                              1_GWF-(1,6,4)
 Model                              4          7       4.8043957                              1_GWF-(1,6,5)
 Model                              5          7       5.9093925                              1_GWF-(1,7,4)
 Model                              6          7       4.8190337                              1_GWF-(1,7,5)
 Model                              7          7       6.1449627                              1_GWF-(1,8,4)
 Model                              8          6 -2.71134365E-02                              1_GWF-(1,8,4)
 Model                              9          4  4.12941712E-04                             1_GWF-(1,13,1)
 Model                             10          2  1.97544121E-05                             1_GWF-(1,13,1)
 Model                             11          1  6.56313318E-07       *                     1_GWF-(1,13,1)
 Package                           11            -3.29080377E-02                    1_GWF-SFR_0-(36)-inflow
 Model                             12          1  3.72876912E-08       *                      1_GWF-(1,8,6)
 Package                           12            -9.30926181E-04                    1_GWF-SFR_0-(36)-inflow
 Model                             13          1  8.79754225E-09       *                      1_GWF-(1,8,6)
 Package                           13            -3.86230785E-05                    1_GWF-SFR_0-(36)-inflow
 Model                             14          1  1.91766958E-09       *                      1_GWF-(1,8,5)
 Package                           14            -7.05496737E-06                    1_GWF-SFR_0-(27)-inflow
 Model                             15          1  1.01044861E-09       *                      1_GWF-(1,8,5)
 Package                           15            -1.58816093E-06                    1_GWF-SFR_0-(27)-inflow
 Model                             16          1  6.54381438E-10       *                      1_GWF-(1,8,5)
 Package                           16            -8.36776788E-07       *            1_GWF-SFR_0-(27)-inflow
 ----------------------------------------------------------------------------------------------------------


 16 CALLS TO NUMERICAL SOLUTION IN TIME STEP 33 STRESS PERIOD 2
 68 TOTAL ITERATIONS
 
    Solving:  Stress period:     2    Time step:    34
 

 SLN_1 OUTER ITERATION SUMMARY
 ----------------------------------------------------------------------------------------------------------
                                OUTER      INNER                    STEP   MAXIMUM CHANGE MODEL-(CELLID) OR
 OUTER ITERATION STEP       ITERATION  ITERATION  MAXIMUM CHANGE SUCCESS             MODEL-PACKAGE-(NUMBER)
 ----------------------------------------------------------------------------------------------------------
 Model                              1          7      -16.555523                              1_GWF-(1,7,4)
 Model                              2          7      -1.2943209                              1_GWF-(1,3,5)
 Model                              3          8       5.9173823                              1_GWF-(1,6,4)
 Model                              4          8       5.0102029                              1_GWF-(1,6,5)
 Model                              5          8       6.0518000                              1_GWF-(1,7,4)
 Model                              6          7       4.9547017                              1_GWF-(1,7,5)
 Model                              7          7       6.3627083                              1_GWF-(1,8,4)
 Model                              8          7       4.9837647                              1_GWF-(1,8,5)
 Model                              9          6  2.40273432E-02                              1_GWF-(1,8,4)
 Model                             10          4  5.25958294E-04                             1_GWF-(1,13,1)
 Model                             11          3  2.59801549E-05                             1_GWF-(1,13,1)
 Model                             12          1  9.06693685E-07       *                     1_GWF-(1,13,1)
 Package                           12            -4.93964087E-02                    1_GWF-SFR_0-(36)-inflow
 Model                             13          1  2.74782224E-08       *                     1_GWF-(1,10,5)
 Package                           13            -1.32085241E-03                    1_GWF-SFR_0-(36)-inflow
 Model                             14          1  6.39624886E-09       *                      1_GWF-(1,9,5)
 Package                           14            -4.16501369E-05                    1_GWF-SFR_0-(36)-inflow
 Model                             15          1  1.78727078E-09       *                      1_GWF-(1,9,5)
 Package                           15            -4.88138927E-06                    1_GWF-SFR_0-(27)-inflow
 Model                             16          1  9.76342562E-10       *                      1_GWF-(1,8,5)
 Package                           16            -1.44400948E-06                    1_GWF-SFR_0-(27)-inflow
 Model                             17          1  6.43240128E-10       *                      1_GWF-(1,8,5)
 Package                           17            -8.00098010E-07       *            1_GWF-SFR_0-(27)-inflow
 ----------------------------------------------------------------------------------------------------------


 17 CALLS TO NUMERICAL SOLUTION IN TIME STEP 34 STRESS PERIOD 2
 78 TOTAL ITERATIONS
 
    Solving:  Stress period:     2    Time step:    35
 

 SLN_1 OUTER ITERATION SUMMARY
 ----------------------------------------------------------------------------------------------------------
                                OUTER      INNER                    STEP   MAXIMUM CHANGE MODEL-(CELLID) OR
 OUTER ITERATION STEP       ITERATION  ITERATION  MAXIMUM CHANGE SUCCESS             MODEL-PACKAGE-(NUMBER)
 ----------------------------------------------------------------------------------------------------------
 Model                              1          7      -17.608153                              1_GWF-(1,7,4)
 Model                              2          7      -1.4777427                              1_GWF-(1,3,5)
 Model                              3          8       6.0653656                              1_GWF-(1,6,4)
 Model                              4          8       5.1638942                              1_GWF-(1,6,5)
 Model                              5          8       6.2266674                              1_GWF-(1,7,4)
 Model                              6          8       5.0894588                              1_GWF-(1,7,5)
 Model                              7          7       6.4932320                              1_GWF-(1,8,4)
 Model                              8          6 -2.85468797E-02                              1_GWF-(1,8,4)
 Model                              9          5  5.58765828E-04                             1_GWF-(1,13,1)
 Model                             10          3  2.85144232E-05                             1_GWF-(1,13,1)
 Model                             11          2  1.03961031E-06                             1_GWF-(1,13,1)
 Model                             12          1  3.05705044E-08       *                     1_GWF-(1,13,1)
 Package                           12            -1.80136553E-03                    1_GWF-SFR_0-(36)-inflow
 Model                             13          1  3.55316843E-09       *                      1_GWF-(1,8,6)
 Package                           13            -4.86981864E-05                    1_GWF-SFR_0-(36)-inflow
 Model                             14          1  1.50339474E-09       *                      1_GWF-(1,8,6)
 Package                           14            -3.48081820E-06                    1_GWF-SFR_0-(27)-inflow
 Model                             15          1  9.01763997E-10       *                      1_GWF-(1,8,6)
 Package                           15            -1.47177587E-06                    1_GWF-SFR_0-(27)-inflow
 Model                             16          1  6.21412255E-10       *                      1_GWF-(1,8,6)
 Package                           16            -8.84916849E-07       *            1_GWF-SFR_0-(27)-inflow
 ----------------------------------------------------------------------------------------------------------


 16 CALLS TO NUMERICAL SOLUTION IN TIME STEP 35 STRESS PERIOD 2
 74 TOTAL ITERATIONS
 
    Solving:  Stress period:     2    Time step:    36
 

 SLN_1 OUTER ITERATION SUMMARY
 ----------------------------------------------------------------------------------------------------------
                                OUTER      INNER                    STEP   MAXIMUM CHANGE MODEL-(CELLID) OR
 OUTER ITERATION STEP       ITERATION  ITERATION  MAXIMUM CHANGE SUCCESS             MODEL-PACKAGE-(NUMBER)
 ----------------------------------------------------------------------------------------------------------
 Model                              1          8      -18.085965                              1_GWF-(1,7,4)
 Model                              2          7      -1.6346770                              1_GWF-(1,3,5)
 Model                              3          8       6.2744326                              1_GWF-(1,6,4)
 Model                              4          8       5.3330149                              1_GWF-(1,6,5)
 Model                              5          8       6.4207860                              1_GWF-(1,7,4)
 Model                              6          8       5.2675496                              1_GWF-(1,7,5)
 Model                              7          7       6.6952271                              1_GWF-(1,8,4)
 Model                              8          8       5.2527456                              1_GWF-(1,8,5)
 Model                              9          7 -2.82922716E-02                              1_GWF-(1,8,5)
 Model                             10          4  5.57971447E-04                             1_GWF-(1,13,1)
 Model                             11          2  2.14289444E-05                             1_GWF-(1,13,1)
 Model                             12          1  5.03521846E-07       *                     1_GWF-(1,13,1)
 Package                           12            -3.35275400E-02                    1_GWF-SFR_0-(36)-inflow
 Model                             13          1 -2.62114099E-08       *                      1_GWF-(1,8,6)
 Package                           13            -4.20074150E-04                    1_GWF-SFR_0-(36)-inflow
 Model                             14          1 -4.24597602E-09       *                      1_GWF-(1,8,5)
 Package                           14             2.74628309E-05                    1_GWF-SFR_0-(27)-inflow
 Model                             15          1 -1.68643055E-09       *                      1_GWF-(1,8,5)
 Package                           15             4.67431227E-06                    1_GWF-SFR_0-(27)-inflow
 Model                             16          1 -9.98170435E-10       *                      1_GWF-(1,8,5)
 Package                           16             1.85075076E-06                    1_GWF-SFR_0-(27)-inflow
 Model                             17          1 -6.82803147E-10       *                      1_GWF-(1,8,5)
 Package                           17             1.09614590E-06                    1_GWF-SFR_0-(27)-inflow
 Model                             18          1 -5.06361175E-10       *                      1_GWF-(1,8,5)
 Package                           18             7.49410793E-07       *            1_GWF-SFR_0-(27)-inflow
 ----------------------------------------------------------------------------------------------------------


 18 CALLS TO NUMERICAL SOLUTION IN TIME STEP 36 STRESS PERIOD 2
 82 TOTAL ITERATIONS
 
    Solving:  Stress period:     2    Time step:    37
 

 SLN_1 OUTER ITERATION SUMMARY
 ----------------------------------------------------------------------------------------------------------
                                OUTER      INNER                    STEP   MAXIMUM CHANGE MODEL-(CELLID) OR
 OUTER ITERATION STEP       ITERATION  ITERATION  MAXIMUM CHANGE SUCCESS             MODEL-PACKAGE-(NUMBER)
 ----------------------------------------------------------------------------------------------------------
 Model                              1          8      -19.148991                              1_GWF-(1,7,4)
 Model                              2          7      -1.8634485                              1_GWF-(1,3,5)
 Model                              3          8       6.4294188                              1_GWF-(1,6,4)
 Model                              4          8       5.4984719                              1_GWF-(1,6,5)
 Model                              5          8       6.5533643                              1_GWF-(1,7,4)
 Model                              6          8       5.4364247                              1_GWF-(1,7,5)
 Model                              7          7       6.8670998                              1_GWF-(1,8,4)
 Model                              8          7  3.00733491E-02                              1_GWF-(1,8,7)
 Model                              9          5  7.75492139E-04                              1_GWF-(1,8,7)
 Model                             10          3  3.86128099E-05                             1_GWF-(1,13,1)
 Model                             11          2  1.50393157E-06                             1_GWF-(1,13,1)
 Model                             12          1  4.77084541E-08       *                     1_GWF-(1,13,1)
 Package                           12            -3.39234702E-03                    1_GWF-SFR_0-(36)-inflow
 Model                             13          1  9.83095561E-09       *                      1_GWF-(1,8,6)
 Package                           13            -1.06869068E-04                    1_GWF-SFR_0-(36)-inflow
 Model                             14          1  2.59115041E-09       *                      1_GWF-(1,8,5)
 Package                           14            -1.18589283E-05                    1_GWF-SFR_0-(27)-inflow
 Model                             15          1  1.38925316E-09       *                      1_GWF-(1,8,5)
 Package                           15            -3.18810857E-06                    1_GWF-SFR_0-(27)-inflow
 Model                             16          1  9.06538844E-10       *                      1_GWF-(1,8,5)
 Package                           16            -1.71441957E-06                    1_GWF-SFR_0-(27)-inflow
 Model                             17          1  6.52789822E-10       *                      1_GWF-(1,8,5)
 Package                           17            -1.12124634E-06                    1_GWF-SFR_0-(27)-inflow
 Model                             18          1  4.99994712E-10       *                      1_GWF-(1,8,5)
 Package                           18            -8.10302367E-07       *            1_GWF-SFR_0-(27)-inflow
 ----------------------------------------------------------------------------------------------------------


 18 CALLS TO NUMERICAL SOLUTION IN TIME STEP 37 STRESS PERIOD 2
 78 TOTAL ITERATIONS
 
    Solving:  Stress period:     2    Time step:    38
 

 SLN_1 OUTER ITERATION SUMMARY
 ----------------------------------------------------------------------------------------------------------
                                OUTER      INNER                    STEP   MAXIMUM CHANGE MODEL-(CELLID) OR
 OUTER ITERATION STEP       ITERATION  ITERATION  MAXIMUM CHANGE SUCCESS             MODEL-PACKAGE-(NUMBER)
 ----------------------------------------------------------------------------------------------------------
 Model                              1          8      -19.539236                              1_GWF-(1,7,4)
 Model                              2          8      -2.6093500                              1_GWF-(1,3,5)
 Model                              3          8       6.6736198                              1_GWF-(1,6,4)
 Model                              4          8       5.6904071                              1_GWF-(1,6,5)
 Model                              5          8       6.7824156                              1_GWF-(1,7,4)
 Model                              6          8       5.5382772                              1_GWF-(1,7,5)
 Model                              7          8       7.0874469                              1_GWF-(1,8,4)
 Model                              8          8       5.5805868                              1_GWF-(1,8,5)
 Model                              9          6 -4.25768462E-02                              1_GWF-(1,8,5)
 Model                             10          5 -8.73251458E-04                              1_GWF-(1,8,7)
 Model                             11          3 -2.33181970E-05                              1_GWF-(1,8,7)
 Model                             12          1 -4.66796564E-07       *                      1_GWF-(1,8,7)
 Package                           12             3.26109006E-02                    1_GWF-SFR_0-(36)-inflow
 Model                             13          1 -9.20474577E-08       *                      1_GWF-(1,9,5)
 Package                           13             2.45592497E-03                    1_GWF-SFR_0-(36)-inflow
 Model                             14          1 -3.21315383E-08       *                      1_GWF-(1,8,6)
 Package                           14             1.48644245E-04                    1_GWF-SFR_0-(36)-inflow
 Model                             15          1 -4.62409844E-09       *                      1_GWF-(1,8,5)
 Package                           15             4.04008569E-05                    1_GWF-SFR_0-(27)-inflow
 Model                             16          1 -1.92949301E-09       *                      1_GWF-(1,8,5)
 Package                           16             6.16287652E-06                    1_GWF-SFR_0-(27)-inflow
 Model                             17          1 -1.14710019E-09       *                      1_GWF-(1,8,5)
 Package                           17             2.56767443E-06                    1_GWF-SFR_0-(27)-inflow
 Model                             18          1 -7.86030796E-10       *                      1_GWF-(1,8,5)
 Package                           18             1.52704145E-06                    1_GWF-SFR_0-(27)-inflow
 Model                             19          1 -5.82986104E-10       *                      1_GWF-(1,8,5)
 Package                           19             1.04516406E-06                    1_GWF-SFR_0-(27)-inflow
 Model                             20          1 -4.55202098E-10       *                      1_GWF-(1,8,5)
 Package                           20             7.75558107E-07       *            1_GWF-SFR_0-(27)-inflow
 ----------------------------------------------------------------------------------------------------------


 20 CALLS TO NUMERICAL SOLUTION IN TIME STEP 38 STRESS PERIOD 2
 87 TOTAL ITERATIONS
 
    Solving:  Stress period:     2    Time step:    39
 

 SLN_1 OUTER ITERATION SUMMARY
 ----------------------------------------------------------------------------------------------------------
                                OUTER      INNER                    STEP   MAXIMUM CHANGE MODEL-(CELLID) OR
 OUTER ITERATION STEP       ITERATION  ITERATION  MAXIMUM CHANGE SUCCESS             MODEL-PACKAGE-(NUMBER)
 ----------------------------------------------------------------------------------------------------------
 Model                              1          8      -20.536597                              1_GWF-(1,7,4)
 Model                              2          8      -2.5653993                              1_GWF-(1,6,8)
 Model                              3          8       6.7785485                              1_GWF-(1,6,4)
 Model                              4          8       5.8603667                              1_GWF-(1,6,5)
 Model                              5          8       6.9707806                              1_GWF-(1,7,4)
 Model                              6          8       5.7120089                              1_GWF-(1,7,5)
 Model                              7          8       7.2364341                              1_GWF-(1,8,4)
 Model                              8          8       5.6460545                              1_GWF-(1,8,5)
 Model                              9          6     -0.14203979                              1_GWF-(1,7,7)
 Model                             10          6 -6.65960670E-03                              1_GWF-(1,8,7)
 Model                             11          4 -1.67867316E-04                              1_GWF-(1,8,7)
 Model                             12          2 -9.49411015E-06                             1_GWF-(1,13,1)
 Model                             13          1 -4.48862124E-07       *                     1_GWF-(1,13,1)
 Package                           13             3.90235836E-02                    1_GWF-SFR_0-(36)-inflow
 Model                             14          1 -5.68161340E-08       *                      1_GWF-(1,8,5)
 Package                           14             1.52699252E-03                    1_GWF-SFR_0-(36)-inflow
 Model                             15          1 -1.84488727E-08       *                      1_GWF-(1,8,5)
 Package                           15             1.16615173E-04                    1_GWF-SFR_0-(27)-inflow
 Model                             16          1 -3.14946647E-09       *                      1_GWF-(1,9,5)
 Package                           16             4.18756934E-05                    1_GWF-SFR_0-(27)-inflow
 Model                             17          1 -1.50703272E-09       *                      1_GWF-(1,9,5)
 Package                           17             6.85595366E-06                    1_GWF-SFR_0-(27)-inflow
 Model                             18          1 -9.48830348E-10       *                      1_GWF-(1,9,5)
 Package                           18             3.33936304E-06                    1_GWF-SFR_0-(27)-inflow
 Model                             19          1 -6.70524969E-10       *                      1_GWF-(1,9,5)
 Package                           19             2.11279176E-06                    1_GWF-SFR_0-(27)-inflow
 Model                             20          1 -5.07384357E-10       *                      1_GWF-(1,9,5)
 Package                           20             1.49562160E-06                    1_GWF-SFR_0-(27)-inflow
 Model                             21          1 -4.01541911E-10       *                      1_GWF-(1,8,5)
 Package                           21             1.13229962E-06                    1_GWF-SFR_0-(27)-inflow
 Model                             22          1 -3.28554961E-10       *                      1_GWF-(1,8,5)
 Package                           22             8.97857117E-07       *            1_GWF-SFR_0-(27)-inflow
 ----------------------------------------------------------------------------------------------------------


 22 CALLS TO NUMERICAL SOLUTION IN TIME STEP 39 STRESS PERIOD 2
 92 TOTAL ITERATIONS
 
    Solving:  Stress period:     2    Time step:    40
 

 SLN_1 OUTER ITERATION SUMMARY
 ----------------------------------------------------------------------------------------------------------
                                OUTER      INNER                    STEP   MAXIMUM CHANGE MODEL-(CELLID) OR
 OUTER ITERATION STEP       ITERATION  ITERATION  MAXIMUM CHANGE SUCCESS             MODEL-PACKAGE-(NUMBER)
 ----------------------------------------------------------------------------------------------------------
 Model                              1          8      -20.860457                              1_GWF-(1,7,4)
 Model                              2          8      -4.3104344                              1_GWF-(1,7,7)
 Model                              3          9       6.7287192                              1_GWF-(1,6,4)
 Model                              4          8       6.0177460                              1_GWF-(1,6,5)
 Model                              5          8       7.1718650                              1_GWF-(1,7,4)
 Model                              6          8       5.8755807                              1_GWF-(1,7,5)
 Model                              7          8       7.3912254                              1_GWF-(1,8,4)
 Model                              8          7  4.31194839E-02                              1_GWF-(1,8,7)
 Model                              9          5  9.58138460E-04                             1_GWF-(1,13,1)
 Model                             10          4  4.88752369E-05                             1_GWF-(1,13,1)
 Model                             11          2  1.77846971E-06                             1_GWF-(1,13,1)
 Model                             12          1  5.16213277E-08       *                     1_GWF-(1,13,1)
 Package                           12            -4.87620406E-03                    1_GWF-SFR_0-(36)-inflow
 Model                             13          1  1.23723112E-08       *                      1_GWF-(1,8,6)
 Package                           13            -1.44006476E-04                    1_GWF-SFR_0-(36)-inflow
 Model                             14          1  3.22211235E-09       *                      1_GWF-(1,8,5)
 Package                           14            -1.94946788E-05                    1_GWF-SFR_0-(27)-inflow
 Model                             15          1  1.70575731E-09       *                      1_GWF-(1,8,5)
 Package                           15            -5.16837617E-06                    1_GWF-SFR_0-(27)-inflow
 Model                             16          1  1.10867404E-09       *                      1_GWF-(1,8,5)
 Package                           16            -2.75008331E-06                    1_GWF-SFR_0-(27)-inflow
 Model                             17          1  7.97172106E-10       *                      1_GWF-(1,8,5)
 Package                           17            -1.79246475E-06                    1_GWF-SFR_0-(27)-inflow
 Model                             18          1  6.09588824E-10       *                      1_GWF-(1,8,5)
 Package                           18            -1.29247851E-06                    1_GWF-SFR_0-(27)-inflow
 Model                             19          1  4.86124918E-10       *                      1_GWF-(1,8,5)
 Package                           19            -9.89044443E-07       *            1_GWF-SFR_0-(27)-inflow
 ----------------------------------------------------------------------------------------------------------


 19 CALLS TO NUMERICAL SOLUTION IN TIME STEP 40 STRESS PERIOD 2
 83 TOTAL ITERATIONS
 
    Solving:  Stress period:     2    Time step:    41
 

 SLN_1 OUTER ITERATION SUMMARY
 ----------------------------------------------------------------------------------------------------------
                                OUTER      INNER                    STEP   MAXIMUM CHANGE MODEL-(CELLID) OR
 OUTER ITERATION STEP       ITERATION  ITERATION  MAXIMUM CHANGE SUCCESS             MODEL-PACKAGE-(NUMBER)
 ----------------------------------------------------------------------------------------------------------
 Model                              1          8      -21.457164                              1_GWF-(1,7,4)
 Model                              2          8      -3.8749575                              1_GWF-(1,3,5)
 Model                              3          9       7.1717551                              1_GWF-(1,6,4)
 Model                              4          8       6.2655245                              1_GWF-(1,6,5)
 Model                              5          8       7.4684091                              1_GWF-(1,7,4)
 Model                              6          8       5.9387262                              1_GWF-(1,7,5)
 Model                              7          8       7.6481462                              1_GWF-(1,8,4)
 Model                              8          8       6.0795115                              1_GWF-(1,8,5)
 Model                              9          7 -7.90051372E-02                              1_GWF-(1,4,5)
 Model                             10          6 -1.23422884E-02                              1_GWF-(1,7,7)
 Model                             11          5 -3.61778948E-04                             1_GWF-(1,12,7)
 Model                             12          3 -6.78132096E-06                             1_GWF-(1,13,1)
 Model                             13          1 -4.27393388E-07       *                     1_GWF-(1,13,1)
 Package                           13             4.38413590E-02                    1_GWF-SFR_0-(36)-inflow
 Model                             14          1 -4.32893330E-08       *                      1_GWF-(1,9,5)
 Package                           14             1.73461012E-03                    1_GWF-SFR_0-(36)-inflow
 Model                             15          1 -1.59211595E-08       *                      1_GWF-(1,8,5)
 Package                           15             8.45851566E-05                    1_GWF-SFR_0-(36)-inflow
 Model                             16          1 -3.34057404E-09       *                      1_GWF-(1,8,5)
 Package                           16             2.53915382E-05                    1_GWF-SFR_0-(27)-inflow
 Model                             17          1 -1.74554771E-09       *                      1_GWF-(1,8,5)
 Package                           17             5.60580211E-06                    1_GWF-SFR_0-(27)-inflow
 Model                             18          1 -1.13072929E-09       *                      1_GWF-(1,8,5)
 Package                           18             2.94055963E-06                    1_GWF-SFR_0-(27)-inflow
 Model                             19          1 -8.11041900E-10       *                      1_GWF-(1,8,5)
 Package                           19             1.90918642E-06                    1_GWF-SFR_0-(27)-inflow
 Model                             20          1 -6.19593266E-10       *                      1_GWF-(1,8,5)
 Package                           20             1.37229870E-06                    1_GWF-SFR_0-(27)-inflow
 Model                             21          1 -4.93628249E-10       *                      1_GWF-(1,8,5)
 Package                           21             1.04930458E-06                    1_GWF-SFR_0-(27)-inflow
 Model                             22          1 -4.05407263E-10       *                      1_GWF-(1,8,5)
 Package                           22             8.36866468E-07       *            1_GWF-SFR_0-(27)-inflow
 ----------------------------------------------------------------------------------------------------------


 22 CALLS TO NUMERICAL SOLUTION IN TIME STEP 41 STRESS PERIOD 2
 96 TOTAL ITERATIONS
 
    Solving:  Stress period:     2    Time step:    42
 

 SLN_1 OUTER ITERATION SUMMARY
 ----------------------------------------------------------------------------------------------------------
                                OUTER      INNER                    STEP   MAXIMUM CHANGE MODEL-(CELLID) OR
 OUTER ITERATION STEP       ITERATION  ITERATION  MAXIMUM CHANGE SUCCESS             MODEL-PACKAGE-(NUMBER)
 ----------------------------------------------------------------------------------------------------------
 Model                              1          8      -22.701727                              1_GWF-(1,7,4)
 Model                              2          9      -4.1442144                              1_GWF-(1,6,8)
 Model                              3          9       7.3299766                              1_GWF-(1,6,4)
 Model                              4          8       6.4612050                              1_GWF-(1,6,5)
 Model                              5          8       7.6818581                              1_GWF-(1,7,4)
 Model                              6          8       6.1142519                              1_GWF-(1,7,5)
 Model                              7          8       7.8151572                              1_GWF-(1,8,4)
 Model                              8          8       6.1193761                              1_GWF-(1,8,5)
 Model                              9          7     -0.26139790                              1_GWF-(1,7,7)
 Model                             10          6 -1.39074160E-02                              1_GWF-(1,8,7)
 Model                             11          5 -5.73264895E-04                              1_GWF-(1,8,7)
 Model                             12          4 -2.39699154E-05                             1_GWF-(1,13,1)
 Model                             13          2 -1.32029459E-06                             1_GWF-(1,13,1)
 Model                             14          1 -5.39475877E-08       *                     1_GWF-(1,13,1)
 Package                           14             6.10964714E-03                    1_GWF-SFR_0-(36)-inflow
 Model                             15          1 -1.22951178E-08       *                      1_GWF-(1,9,5)
 Package                           15             2.33639825E-04                    1_GWF-SFR_0-(36)-inflow
 Model                             16          1 -3.27122507E-09       *                      1_GWF-(1,9,5)
 Package                           16             3.51907471E-05                    1_GWF-SFR_0-(27)-inflow
 Model                             17          1 -1.69552550E-09       *                      1_GWF-(1,9,5)
 Package                           17             9.32927581E-06                    1_GWF-SFR_0-(27)-inflow
 Model                             18          1 -1.09230314E-09       *                      1_GWF-(1,9,5)
 Package                           18             4.89826862E-06                    1_GWF-SFR_0-(27)-inflow
 Model                             19          1 -7.81028575E-10       *                      1_GWF-(1,9,5)
 Package                           19             3.17499995E-06                    1_GWF-SFR_0-(27)-inflow
 Model                             20          1 -5.95150595E-10       *                      1_GWF-(1,9,5)
 Package                           20             2.27920176E-06                    1_GWF-SFR_0-(27)-inflow
 Model                             21          1 -4.73164619E-10       *                      1_GWF-(1,9,5)
 Package                           21             1.74239624E-06                    1_GWF-SFR_0-(27)-inflow
 Model                             22          1 -3.88354238E-10       *                      1_GWF-(1,9,5)
 Package                           22             1.38731501E-06                    1_GWF-SFR_0-(27)-inflow
 Model                             23          1 -3.25940164E-10       *                      1_GWF-(1,9,5)
 Package                           23             1.14029025E-06                    1_GWF-SFR_0-(27)-inflow
 Model                             24          1 -2.78873813E-10       *                      1_GWF-(1,9,5)
 Package                           24             9.58673355E-07       *            1_GWF-SFR_0-(27)-inflow
 ----------------------------------------------------------------------------------------------------------


 24 CALLS TO NUMERICAL SOLUTION IN TIME STEP 42 STRESS PERIOD 2
 101 TOTAL ITERATIONS
 
    Solving:  Stress period:     2    Time step:    43
 

 SLN_1 OUTER ITERATION SUMMARY
 ----------------------------------------------------------------------------------------------------------
                                OUTER      INNER                    STEP   MAXIMUM CHANGE MODEL-(CELLID) OR
 OUTER ITERATION STEP       ITERATION  ITERATION  MAXIMUM CHANGE SUCCESS             MODEL-PACKAGE-(NUMBER)
 ----------------------------------------------------------------------------------------------------------
 Model                              1          8      -22.897603                              1_GWF-(1,7,4)
 Model                              2          8      -5.6357958                              1_GWF-(1,7,7)
 Model                              3          9       7.1409240                              1_GWF-(1,6,4)
 Model                              4          9       6.6270489                              1_GWF-(1,6,5)
 Model                              5          9       7.8864879                              1_GWF-(1,7,4)
 Model                              6          9       6.2702084                              1_GWF-(1,7,5)
 Model                              7          9       8.0346062                              1_GWF-(1,8,4)
 Model                              8          8       6.2150807                              1_GWF-(1,8,5)
 Model                              9          7     -0.35831925                              1_GWF-(1,7,7)
 Model                             10          6 -1.66829219E-02                              1_GWF-(1,8,7)
 Model                             11          5 -4.57374318E-04                             1_GWF-(1,10,7)
 Model                             12          4 -2.63558852E-05                             1_GWF-(1,13,1)
 Model                             13          2 -1.27454905E-06                             1_GWF-(1,13,1)
 Model                             14          1 -4.69228780E-08       *                     1_GWF-(1,13,1)
 Package                           14             5.83042539E-03                    1_GWF-SFR_0-(36)-inflow
 Model                             15          1 -1.12099769E-08       *                      1_GWF-(1,9,5)
 Package                           15             2.07762564E-04                    1_GWF-SFR_0-(36)-inflow
 Model                             16          1 -3.15571924E-09       *                      1_GWF-(1,9,5)
 Package                           16             3.44247136E-05                    1_GWF-SFR_0-(27)-inflow
 Model                             17          1 -1.69416126E-09       *                      1_GWF-(1,9,5)
 Package                           17             9.65913104E-06                    1_GWF-SFR_0-(27)-inflow
 Model                             18          1 -1.10640030E-09       *                      1_GWF-(1,9,5)
 Package                           18             5.24985529E-06                    1_GWF-SFR_0-(27)-inflow
 Model                             19          1 -7.96831046E-10       *                      1_GWF-(1,9,5)
 Package                           19             3.44863069E-06                    1_GWF-SFR_0-(27)-inflow
 Model                             20          1 -6.10384632E-10       *                      1_GWF-(1,9,5)
 Package                           20             2.49296684E-06                    1_GWF-SFR_0-(27)-inflow
 Model                             21          1 -4.87148100E-10       *                      1_GWF-(1,9,5)
 Package                           21             1.91629517E-06                    1_GWF-SFR_0-(27)-inflow
 Model                             22          1 -4.00632416E-10       *                      1_GWF-(1,9,5)
 Package                           22             1.53239872E-06                    1_GWF-SFR_0-(27)-inflow
 Model                             23          1 -3.37081474E-10       *                      1_GWF-(1,9,5)
 Package                           23             1.26312225E-06                    1_GWF-SFR_0-(27)-inflow
 Model                             24          1 -2.88991941E-10       *                      1_GWF-(1,9,5)
 Package                           24             1.06421462E-06                    1_GWF-SFR_0-(27)-inflow
 Model                             25          1 -2.51134225E-10       *                      1_GWF-(1,9,5)
 Package                           25             9.14893775E-07       *            1_GWF-SFR_0-(27)-inflow
 ----------------------------------------------------------------------------------------------------------


 25 CALLS TO NUMERICAL SOLUTION IN TIME STEP 43 STRESS PERIOD 2
 105 TOTAL ITERATIONS
 
    Solving:  Stress period:     2    Time step:    44
 

 SLN_1 OUTER ITERATION SUMMARY
 ----------------------------------------------------------------------------------------------------------
                                OUTER      INNER                    STEP   MAXIMUM CHANGE MODEL-(CELLID) OR
 OUTER ITERATION STEP       ITERATION  ITERATION  MAXIMUM CHANGE SUCCESS             MODEL-PACKAGE-(NUMBER)
 ----------------------------------------------------------------------------------------------------------
 Model                              1          8      -23.607037                              1_GWF-(1,7,4)
 Model                              2          9      -6.1083033                              1_GWF-(1,7,7)
 Model                              3          9       7.2189916                              1_GWF-(1,6,4)
 Model                              4          9       6.8253999                              1_GWF-(1,6,5)
 Model                              5          9       8.0955359                              1_GWF-(1,7,4)
 Model                              6          9       6.6530414                              1_GWF-(1,7,5)
 Model                              7          8       8.1693525                              1_GWF-(1,8,4)
 Model                              8          8     -0.33336998                              1_GWF-(1,3,5)
 Model                              9          7 -1.74697658E-02                             1_GWF-(1,10,7)
 Model                             10          5 -6.32405870E-04                              1_GWF-(1,8,7)
 Model                             11          4 -2.02963595E-05                              1_GWF-(1,8,7)
 Model                             12          1 -9.44055046E-07       *                     1_GWF-(1,13,1)
 Package                           12                 0.12799434                    1_GWF-SFR_0-(36)-inflow
 Model                             13          1 -1.31476440E-07       *                      1_GWF-(1,9,5)
 Package                           13             5.16038859E-03                    1_GWF-SFR_0-(36)-inflow
 Model                             14          1 -7.22011464E-08       *                      1_GWF-(1,8,5)
 Package                           14             2.92767149E-04                    1_GWF-SFR_0-(36)-inflow
 Model                             15          1 -1.27060957E-08       *                      1_GWF-(1,8,6)
 Package                           15             1.70357274E-04                    1_GWF-SFR_0-(27)-inflow
 Model                             16          1 -3.89104571E-09       *                      1_GWF-(1,8,5)
 Package                           16             3.18475605E-05                    1_GWF-SFR_0-(27)-inflow
 Model                             17          1 -2.12912710E-09       *                      1_GWF-(1,8,5)
 Package                           17             9.92611994E-06                    1_GWF-SFR_0-(27)-inflow
 Model                             18          1 -1.40494194E-09       *                      1_GWF-(1,8,5)
 Package                           18             5.39715095E-06                    1_GWF-SFR_0-(27)-inflow
 Model                             19          1 -1.01908881E-09       *                      1_GWF-(1,8,5)
 Package                           19             3.55272668E-06                    1_GWF-SFR_0-(27)-inflow
 Model                             20          1 -7.84211807E-10       *                      1_GWF-(1,8,5)
 Package                           20             2.57566836E-06                    1_GWF-SFR_0-(27)-inflow
 Model                             21          1 -6.27323971E-10       *                      1_GWF-(1,8,5)
 Package                           21             1.97849405E-06                    1_GWF-SFR_0-(27)-inflow
 Model                             22          1 -5.17502485E-10       *                      1_GWF-(1,8,5)
 Package                           22             1.58401260E-06                    1_GWF-SFR_0-(27)-inflow
 Model                             23          1 -4.36102710E-10       *                      1_GWF-(1,8,5)
 Package                           23             1.30544933E-06                    1_GWF-SFR_0-(27)-inflow
 Model                             24          1 -3.74484443E-10       *                      1_GWF-(1,8,5)
 Package                           24             1.10063788E-06                    1_GWF-SFR_0-(27)-inflow
 Model                             25          1 -3.26053851E-10       *                      1_GWF-(1,8,5)
 Package                           25             9.44161188E-07       *            1_GWF-SFR_0-(27)-inflow
 ----------------------------------------------------------------------------------------------------------


 25 CALLS TO NUMERICAL SOLUTION IN TIME STEP 44 STRESS PERIOD 2
 99 TOTAL ITERATIONS
 
    Solving:  Stress period:     2    Time step:    45
 

 SLN_1 OUTER ITERATION SUMMARY
 ----------------------------------------------------------------------------------------------------------
                                OUTER      INNER                    STEP   MAXIMUM CHANGE MODEL-(CELLID) OR
 OUTER ITERATION STEP       ITERATION  ITERATION  MAXIMUM CHANGE SUCCESS             MODEL-PACKAGE-(NUMBER)
 ----------------------------------------------------------------------------------------------------------
 Model                              1          8      -24.185898                              1_GWF-(1,7,4)
 Model                              2          9      -5.8963869                              1_GWF-(1,5,8)
 Model                              3          9       7.7971055                              1_GWF-(1,6,4)
 Model                              4          9       7.0968793                              1_GWF-(1,6,5)
 Model                              5          9       8.3640751                              1_GWF-(1,7,4)
 Model                              6          9       7.0610141                              1_GWF-(1,7,5)
 Model                              7          9       8.3177015                              1_GWF-(1,8,4)
 Model                              8          8       6.6753991                              1_GWF-(1,8,5)
 Model                              9          7     -0.11804553                              1_GWF-(1,5,6)
 Model                             10          6 -9.22659651E-03                              1_GWF-(1,8,7)
 Model                             11          5 -3.95939473E-04                              1_GWF-(1,8,7)
 Model                             12          4 -1.44341789E-05                             1_GWF-(1,13,1)
 Model                             13          1 -8.67252766E-07       *                     1_GWF-(1,13,1)
 Package                           13                 0.12905474                    1_GWF-SFR_0-(36)-inflow
 Model                             14          1 -1.04909645E-07       *                      1_GWF-(1,9,5)
 Package                           14             5.66010580E-03                    1_GWF-SFR_0-(36)-inflow
 Model                             15          1 -4.60076990E-08       *                      1_GWF-(1,9,5)
 Package                           15             3.32688419E-04                    1_GWF-SFR_0-(36)-inflow
 Model                             16          1 -8.62269189E-09       *                      1_GWF-(1,8,5)
 Package                           16             1.76563362E-04                    1_GWF-SFR_0-(27)-inflow
 Model                             17          1 -3.09910320E-09       *                      1_GWF-(1,8,5)
 Package                           17             3.65835535E-05                    1_GWF-SFR_0-(27)-inflow
 Model                             18          1 -1.76510184E-09       *                      1_GWF-(1,8,5)
 Package                           18             1.28506006E-05                    1_GWF-SFR_0-(27)-inflow
 Model                             19          1 -1.18416210E-09       *                      1_GWF-(1,8,5)
 Package                           19             7.31595206E-06                    1_GWF-SFR_0-(27)-inflow
 Model                             20          1 -8.66748451E-10       *                      1_GWF-(1,8,5)
 Package                           20             4.90792638E-06                    1_GWF-SFR_0-(27)-inflow
 Model                             21          1 -6.70524969E-10       *                      1_GWF-(1,8,5)
 Package                           21             3.59274663E-06                    1_GWF-SFR_0-(27)-inflow
 Model                             22          1 -5.39557732E-10       *                      1_GWF-(1,8,5)
 Package                           22             2.77696191E-06                    1_GWF-SFR_0-(27)-inflow
 Model                             23          1 -4.46334525E-10       *                      1_GWF-(1,8,5)
 Package                           23             2.23617725E-06                    1_GWF-SFR_0-(27)-inflow
 Model                             24          1 -3.77440301E-10       *                      1_GWF-(1,8,5)
 Package                           24             1.84924899E-06                    1_GWF-SFR_0-(27)-inflow
 Model                             25          1 -3.24689609E-10       *                      1_GWF-(1,8,5)
 Package                           25             1.56393976E-06                    1_GWF-SFR_0-(27)-inflow
 Model                             26          1 -2.83080226E-10       *                      1_GWF-(1,8,5)
 Package                           26             1.34349425E-06                    1_GWF-SFR_0-(27)-inflow
 Model                             27          1 -2.49883669E-10       *                      1_GWF-(1,8,5)
 Package                           27             1.17279276E-06                    1_GWF-SFR_0-(27)-inflow
 Model                             28          1 -2.22598828E-10       *                      1_GWF-(1,8,5)
 Package                           28             1.03379672E-06                    1_GWF-SFR_0-(27)-inflow
 Model                             29          1 -2.00088834E-10       *                      1_GWF-(1,8,5)
 Package                           29             9.24155744E-07       *            1_GWF-SFR_0-(27)-inflow
 ----------------------------------------------------------------------------------------------------------


 29 CALLS TO NUMERICAL SOLUTION IN TIME STEP 45 STRESS PERIOD 2
 109 TOTAL ITERATIONS
 
    Solving:  Stress period:     2    Time step:    46
 

 SLN_1 OUTER ITERATION SUMMARY
 ----------------------------------------------------------------------------------------------------------
                                OUTER      INNER                    STEP   MAXIMUM CHANGE MODEL-(CELLID) OR
 OUTER ITERATION STEP       ITERATION  ITERATION  MAXIMUM CHANGE SUCCESS             MODEL-PACKAGE-(NUMBER)
 ----------------------------------------------------------------------------------------------------------
 Model                              1          8      -24.756818                              1_GWF-(1,7,4)
 Model                              2          9      -8.2680940                              1_GWF-(1,7,7)
 Model                              3          9       7.8825238                              1_GWF-(1,6,4)
 Model                              4          9       7.3002167                              1_GWF-(1,6,5)
 Model                              5          9       8.6005704                              1_GWF-(1,7,4)
 Model                              6          9       7.2947454                              1_GWF-(1,7,5)
 Model                              7          9       8.5210914                              1_GWF-(1,8,4)
 Model                              8          9       6.6726538                              1_GWF-(1,8,5)
 Model                              9          8     -0.39669029                              1_GWF-(1,7,7)
 Model                             10          7 -2.42299748E-02                              1_GWF-(1,8,7)
 Model                             11          5 -8.00507428E-04                              1_GWF-(1,8,7)
 Model                             12          4 -4.01517289E-05                             1_GWF-(1,13,1)
 Model                             13          2 -2.07618098E-06                             1_GWF-(1,13,1)
 Model                             14          1 -8.13739689E-08       *                     1_GWF-(1,13,1)
 Package                           14             1.36934404E-02                    1_GWF-SFR_0-(36)-inflow
 Model                             15          1 -2.71575118E-08       *                      1_GWF-(1,9,5)
 Package                           15             5.67773547E-04                    1_GWF-SFR_0-(36)-inflow
 Model                             16          1 -7.60610419E-09       *                      1_GWF-(1,9,5)
 Package                           16             1.14910920E-04                    1_GWF-SFR_0-(27)-inflow
 Model                             17          1 -2.94426172E-09       *                      1_GWF-(1,9,5)
 Package                           17             3.34589852E-05                    1_GWF-SFR_0-(27)-inflow
 Model                             18          1 -1.70894054E-09       *                      1_GWF-(1,9,5)
 Package                           18             1.28930225E-05                    1_GWF-SFR_0-(27)-inflow
 Model                             19          1 -1.15733201E-09       *                      1_GWF-(1,8,4)
 Package                           19             7.48771738E-06                    1_GWF-SFR_0-(27)-inflow
 Model                             20          1 -8.52651283E-10       *                      1_GWF-(1,8,4)
 Package                           20             5.07455540E-06                    1_GWF-SFR_0-(27)-inflow
 Model                             21          1 -6.62566890E-10       *                      1_GWF-(1,8,4)
 Package                           21             3.73828189E-06                    1_GWF-SFR_0-(27)-inflow
 Model                             22          1 -5.34782885E-10       *                      1_GWF-(1,8,4)
 Package                           22             2.90710522E-06                    1_GWF-SFR_0-(27)-inflow
 Model                             23          1 -4.43378667E-10       *                      1_GWF-(1,8,4)
 Package                           23             2.34377201E-06                    1_GWF-SFR_0-(27)-inflow
 Model                             24          1 -3.75621312E-10       *                      1_GWF-(1,8,4)
 Package                           24             1.94250233E-06                    1_GWF-SFR_0-(27)-inflow
 Model                             25          1 -3.23552740E-10       *                      1_GWF-(1,8,4)
 Package                           25             1.64518778E-06                    1_GWF-SFR_0-(27)-inflow
 Model                             26          1 -2.82398105E-10       *                      1_GWF-(1,8,4)
 Package                           26             1.41976820E-06                    1_GWF-SFR_0-(27)-inflow
 Model                             27          1 -2.49428922E-10       *                      1_GWF-(1,8,4)
 Package                           27             1.23653113E-06                    1_GWF-SFR_0-(27)-inflow
 Model                             28          1 -2.22371455E-10       *                      1_GWF-(1,8,4)
 Package                           28             1.09554972E-06                    1_GWF-SFR_0-(27)-inflow
 Model                             29          1 -2.00088834E-10       *                      1_GWF-(1,8,4)
 Package                           29             9.74695979E-07       *            1_GWF-SFR_0-(27)-inflow
 ----------------------------------------------------------------------------------------------------------


 29 CALLS TO NUMERICAL SOLUTION IN TIME STEP 46 STRESS PERIOD 2
 113 TOTAL ITERATIONS
 
    Solving:  Stress period:     2    Time step:    47
 

 SLN_1 OUTER ITERATION SUMMARY
 ----------------------------------------------------------------------------------------------------------
                                OUTER      INNER                    STEP   MAXIMUM CHANGE MODEL-(CELLID) OR
 OUTER ITERATION STEP       ITERATION  ITERATION  MAXIMUM CHANGE SUCCESS             MODEL-PACKAGE-(NUMBER)
 ----------------------------------------------------------------------------------------------------------
 Model                              1          9      -25.291635                              1_GWF-(1,7,4)
 Model                              2          9      -9.1315723                              1_GWF-(1,7,7)
 Model                              3         10       8.0312637                              1_GWF-(1,6,4)
 Model                              4          9       7.6149492                              1_GWF-(1,6,5)
 Model                              5          9       9.0120843                              1_GWF-(1,7,4)
 Model                              6          9       7.2608786                              1_GWF-(1,7,5)
 Model                              7          9       8.6724906                              1_GWF-(1,8,4)
 Model                              8          9       6.7207144                              1_GWF-(1,8,5)
 Model                              9          8     -0.45768509                              1_GWF-(1,7,7)
 Model                             10          7 -2.61919065E-02                              1_GWF-(1,8,7)
 Model                             11          6 -9.70226926E-04                             1_GWF-(1,10,7)
 Model                             12          4 -4.48112006E-05                             1_GWF-(1,13,1)
 Model                             13          2 -2.44435887E-06                             1_GWF-(1,13,1)
 Model                             14          1 -1.08516815E-07       *                      1_GWF-(1,9,6)
 Package                           14             1.85938595E-02                    1_GWF-SFR_0-(36)-inflow
 Model                             15          1 -3.72012892E-08       *                      1_GWF-(1,8,5)
 Package                           15             8.13448076E-04                    1_GWF-SFR_0-(36)-inflow
 Model                             16          1 -1.27340627E-08       *                      1_GWF-(1,8,5)
 Package                           16             1.75057480E-04                    1_GWF-SFR_0-(27)-inflow
 Model                             17          1 -3.70937414E-09       *                      1_GWF-(1,9,5)
 Package                           17             6.29211130E-05                    1_GWF-SFR_0-(27)-inflow
 Model                             18          1 -2.02544470E-09       *                      1_GWF-(1,8,4)
 Package                           18             1.78375632E-05                    1_GWF-SFR_0-(27)-inflow
 Model                             19          1 -1.33286449E-09       *                      1_GWF-(1,8,4)
 Package                           19             9.78445268E-06                    1_GWF-SFR_0-(27)-inflow
 Model                             20          1 -9.65428626E-10       *                      1_GWF-(1,8,4)
 Package                           20             6.44436537E-06                    1_GWF-SFR_0-(27)-inflow
 Model                             21          1 -7.41692929E-10       *                      1_GWF-(1,8,4)
 Package                           21             4.67111570E-06                    1_GWF-SFR_0-(27)-inflow
 Model                             22          1 -5.93672667E-10       *                      1_GWF-(1,8,4)
 Package                           22             3.59047449E-06                    1_GWF-SFR_0-(27)-inflow
 Model                             23          1 -4.89080776E-10       *                      1_GWF-(1,8,4)
 Package                           23             2.87462742E-06                    1_GWF-SFR_0-(27)-inflow
 Model                             24          1 -4.12228474E-10       *                      1_GWF-(1,8,4)
 Package                           24             2.36742494E-06                    1_GWF-SFR_0-(27)-inflow
 Model                             25          1 -3.53793439E-10       *                      1_GWF-(1,8,4)
 Package                           25             1.99633944E-06                    1_GWF-SFR_0-(27)-inflow
 Model                             26          1 -3.08091330E-10       *                      1_GWF-(1,8,4)
 Package                           26             1.71139404E-06                    1_GWF-SFR_0-(27)-inflow
 Model                             27          1 -2.71256795E-10       *                      1_GWF-(1,8,4)
 Package                           27             1.49156661E-06                    1_GWF-SFR_0-(27)-inflow
 Model                             28          1 -2.41470843E-10       *                      1_GWF-(1,8,4)
 Package                           28             1.31402483E-06                    1_GWF-SFR_0-(27)-inflow
 Model                             29          1 -2.16687113E-10       *                      1_GWF-(1,8,4)
 Package                           29             1.16859149E-06                    1_GWF-SFR_0-(27)-inflow
 Model                             30          1 -1.95768735E-10       *                      1_GWF-(1,8,4)
 Package                           30             1.04807418E-06                    1_GWF-SFR_0-(27)-inflow
 Model                             31          1 -1.78033588E-10       *                      1_GWF-(1,8,4)
 Package                           31             9.49938661E-07       *            1_GWF-SFR_0-(27)-inflow
 ----------------------------------------------------------------------------------------------------------


 31 CALLS TO NUMERICAL SOLUTION IN TIME STEP 47 STRESS PERIOD 2
 118 TOTAL ITERATIONS
 
    Solving:  Stress period:     2    Time step:    48
 

 SLN_1 OUTER ITERATION SUMMARY
 ----------------------------------------------------------------------------------------------------------
                                OUTER      INNER                    STEP   MAXIMUM CHANGE MODEL-(CELLID) OR
 OUTER ITERATION STEP       ITERATION  ITERATION  MAXIMUM CHANGE SUCCESS             MODEL-PACKAGE-(NUMBER)
 ----------------------------------------------------------------------------------------------------------
 Model                              1          9      -25.983393                              1_GWF-(1,7,4)
 Model                              2          9      -9.8209835                              1_GWF-(1,7,7)
 Model                              3         10       8.1349681                              1_GWF-(1,6,4)
 Model                              4          9       7.8458039                              1_GWF-(1,6,5)
 Model                              5          9       9.1444748                              1_GWF-(1,7,4)
 Model                              6          9       7.5815231                              1_GWF-(1,7,5)
 Model                              7          9       8.8412799                              1_GWF-(1,8,4)
 Model                              8          9       6.9929795                              1_GWF-(1,8,5)
 Model                              9          8     -0.51478378                              1_GWF-(1,7,7)
 Model                             10          7 -2.86248830E-02                              1_GWF-(1,8,7)
 Model                             11          6 -9.45666851E-04                             1_GWF-(1,10,7)
 Model                             12          4 -4.76152912E-05                             1_GWF-(1,13,1)
 Model                             13          2 -2.50334642E-06                             1_GWF-(1,13,1)
 Model                             14          1 -1.14519707E-07       *                      1_GWF-(1,9,6)
 Package                           14             2.05057847E-02                    1_GWF-SFR_0-(36)-inflow
 Model                             15          1 -4.12510417E-08       *                      1_GWF-(1,8,5)
 Package                           15             9.03369736E-04                    1_GWF-SFR_0-(36)-inflow
 Model                             16          1 -1.48672825E-08       *                      1_GWF-(1,8,4)
 Package                           16             2.15060592E-04                    1_GWF-SFR_0-(27)-inflow
 Model                             17          1 -4.03042577E-09       *                      1_GWF-(1,8,4)
 Package                           17             8.13128306E-05                    1_GWF-SFR_0-(27)-inflow
 Model                             18          1 -2.17391971E-09       *                      1_GWF-(1,8,4)
 Package                           18             2.12999860E-05                    1_GWF-SFR_0-(27)-inflow
 Model                             19          1 -1.42313183E-09       *                      1_GWF-(1,8,4)
 Package                           19             1.15602326E-05                    1_GWF-SFR_0-(27)-inflow
 Model                             20          1 -1.02795639E-09       *                      1_GWF-(1,8,4)
 Package                           20             7.58213484E-06                    1_GWF-SFR_0-(27)-inflow
 Model                             21          1 -7.87849785E-10       *                      1_GWF-(1,8,4)
 Package                           21             5.48011910E-06                    1_GWF-SFR_0-(27)-inflow
 Model                             22          1 -6.29142960E-10       *                      1_GWF-(1,8,4)
 Package                           22             4.20174825E-06                    1_GWF-SFR_0-(27)-inflow
 Model                             23          1 -5.18184606E-10       *                      1_GWF-(1,8,4)
 Package                           23             3.35427102E-06                    1_GWF-SFR_0-(27)-inflow
 Model                             24          1 -4.36330083E-10       *                      1_GWF-(1,8,4)
 Package                           24             2.76769285E-06                    1_GWF-SFR_0-(27)-inflow
 Model                             25          1 -3.74029696E-10       *                      1_GWF-(1,8,4)
 Package                           25             2.32532997E-06                    1_GWF-SFR_0-(27)-inflow
 Model                             26          1 -3.25371730E-10       *                      1_GWF-(1,8,4)
 Package                           26             1.99565962E-06                    1_GWF-SFR_0-(27)-inflow
 Model                             27          1 -2.86490831E-10       *                      1_GWF-(1,8,4)
 Package                           27             1.73650839E-06                    1_GWF-SFR_0-(27)-inflow
 Model                             28          1 -2.54885890E-10       *                      1_GWF-(1,8,4)
 Package                           28             1.52964582E-06                    1_GWF-SFR_0-(27)-inflow
 Model                             29          1 -2.28737917E-10       *                      1_GWF-(1,8,4)
 Package                           29             1.35852291E-06                    1_GWF-SFR_0-(27)-inflow
 Model                             30          1 -2.06682671E-10       *                      1_GWF-(1,8,4)
 Package                           30             1.22242282E-06                    1_GWF-SFR_0-(27)-inflow
 Model                             31          1 -1.88038030E-10       *                      1_GWF-(1,8,4)
 Package                           31             1.10300007E-06                    1_GWF-SFR_0-(27)-inflow
 Model                             32          1 -1.71894499E-10       *                      1_GWF-(1,8,4)
 Package                           32             1.00282106E-06                    1_GWF-SFR_0-(27)-inflow
 Model                             33          1 -1.58024704E-10       *                      1_GWF-(1,8,4)
 Package                           33             9.17819350E-07       *            1_GWF-SFR_0-(27)-inflow
 ----------------------------------------------------------------------------------------------------------


 33 CALLS TO NUMERICAL SOLUTION IN TIME STEP 48 STRESS PERIOD 2
 120 TOTAL ITERATIONS
 
    Solving:  Stress period:     2    Time step:    49
 

 SLN_1 OUTER ITERATION SUMMARY
 ----------------------------------------------------------------------------------------------------------
                                OUTER      INNER                    STEP   MAXIMUM CHANGE MODEL-(CELLID) OR
 OUTER ITERATION STEP       ITERATION  ITERATION  MAXIMUM CHANGE SUCCESS             MODEL-PACKAGE-(NUMBER)
 ----------------------------------------------------------------------------------------------------------
 Model                              1          9      -26.573468                              1_GWF-(1,7,4)
 Model                              2          9      -10.572656                              1_GWF-(1,7,7)
 Model                              3         10       8.2170860                              1_GWF-(1,6,4)
 Model                              4          9       8.0776782                              1_GWF-(1,6,5)
 Model                              5          9       9.2332595                              1_GWF-(1,7,4)
 Model                              6          9       7.8985773                              1_GWF-(1,7,5)
 Model                              7          9       9.0339802                              1_GWF-(1,8,4)
 Model                              8          9       7.3305876                              1_GWF-(1,8,5)
 Model                              9          8     -0.53457931                              1_GWF-(1,7,7)
 Model                             10          7 -3.85006934E-02                              1_GWF-(1,6,8)
 Model                             11          6 -2.56282224E-03                              1_GWF-(1,8,7)
 Model                             12          5 -9.22966683E-05                             1_GWF-(1,10,7)
 Model                             13          2 -5.17821013E-06                             1_GWF-(1,13,1)
 Model                             14          1 -2.94250867E-07       *                      1_GWF-(1,9,6)
 Package                           14             5.31032222E-02                    1_GWF-SFR_0-(36)-inflow
 Model                             15          1 -1.00810212E-07       *                      1_GWF-(1,8,5)
 Package                           15             2.49259582E-03                    1_GWF-SFR_0-(36)-inflow
 Model                             16          1 -5.44118848E-08       *                      1_GWF-(1,8,4)
 Package                           16             5.64953226E-04                    1_GWF-SFR_0-(27)-inflow
 Model                             17          1 -7.51265361E-09       *                      1_GWF-(1,8,4)
 Package                           17             3.16712726E-04                    1_GWF-SFR_0-(27)-inflow
 Model                             18          1 -3.15253601E-09       *                      1_GWF-(1,8,4)
 Package                           18             4.50074785E-05                    1_GWF-SFR_0-(27)-inflow
 Model                             19          1 -1.87105798E-09       *                      1_GWF-(1,8,4)
 Package                           19             1.83464417E-05                    1_GWF-SFR_0-(27)-inflow
 Model                             20          1 -1.28125066E-09       *                      1_GWF-(1,8,4)
 Package                           20             1.08569069E-05                    1_GWF-SFR_0-(27)-inflow
 Model                             21          1 -9.49967216E-10       *                      1_GWF-(1,8,4)
 Package                           21             7.41815986E-06                    1_GWF-SFR_0-(27)-inflow
 Model                             22          1 -7.41465556E-10       *                      1_GWF-(1,8,4)
 Package                           22             5.49244944E-06                    1_GWF-SFR_0-(27)-inflow
 Model                             23          1 -5.99811756E-10       *                      1_GWF-(1,8,4)
 Package                           23             4.28400698E-06                    1_GWF-SFR_0-(27)-inflow
 Model                             24          1 -4.98403097E-10       *                      1_GWF-(1,8,4)
 Package                           24             3.46270905E-06                    1_GWF-SFR_0-(27)-inflow
 Model                             25          1 -4.23142410E-10       *                      1_GWF-(1,8,4)
 Package                           25             2.88017918E-06                    1_GWF-SFR_0-(27)-inflow
 Model                             26          1 -3.65162123E-10       *                      1_GWF-(1,8,4)
 Package                           26             2.44092964E-06                    1_GWF-SFR_0-(27)-inflow
 Model                             27          1 -3.19232640E-10       *                      1_GWF-(1,8,4)
 Package                           27             2.10829463E-06                    1_GWF-SFR_0-(27)-inflow
 Model                             28          1 -2.82170731E-10       *                      1_GWF-(1,8,4)
 Package                           28             1.84080916E-06                    1_GWF-SFR_0-(27)-inflow
 Model                             29          1 -2.51702659E-10       *                      1_GWF-(1,8,4)
 Package                           29             1.62550173E-06                    1_GWF-SFR_0-(27)-inflow
 Model                             30          1 -2.26691554E-10       *                      1_GWF-(1,8,4)
 Package                           30             1.45280312E-06                    1_GWF-SFR_0-(27)-inflow
 Model                             31          1 -2.05318429E-10       *                      1_GWF-(1,8,4)
 Package                           31             1.30593070E-06                    1_GWF-SFR_0-(27)-inflow
 Model                             32          1 -1.87355909E-10       *                      1_GWF-(1,8,4)
 Package                           32             1.18594067E-06                    1_GWF-SFR_0-(27)-inflow
 Model                             33          1 -1.71667125E-10       *                      1_GWF-(1,8,4)
 Package                           33             1.07970579E-06                    1_GWF-SFR_0-(27)-inflow
 Model                             34          1 -1.58024704E-10       *                      1_GWF-(1,8,4)
 Package                           34             9.89542917E-07       *            1_GWF-SFR_0-(27)-inflow
 ----------------------------------------------------------------------------------------------------------


 34 CALLS TO NUMERICAL SOLUTION IN TIME STEP 49 STRESS PERIOD 2
 122 TOTAL ITERATIONS
 
    Solving:  Stress period:     2    Time step:    50
 

 SLN_1 OUTER ITERATION SUMMARY
 ----------------------------------------------------------------------------------------------------------
                                OUTER      INNER                    STEP   MAXIMUM CHANGE MODEL-(CELLID) OR
 OUTER ITERATION STEP       ITERATION  ITERATION  MAXIMUM CHANGE SUCCESS             MODEL-PACKAGE-(NUMBER)
 ----------------------------------------------------------------------------------------------------------
 Model                              1          9      -26.965267                              1_GWF-(1,7,4)
 Model                              2          9      -11.377289                              1_GWF-(1,7,7)
 Model                              3         10       8.2489273                              1_GWF-(1,6,4)
 Model                              4          9       8.4153765                              1_GWF-(1,6,5)
 Model                              5         10       9.6023449                              1_GWF-(1,7,4)
 Model                              6         10       8.6994313                              1_GWF-(1,7,5)
 Model                              7          9       8.8931800                              1_GWF-(1,8,4)
 Model                              8          9       7.0954268                              1_GWF-(1,8,5)
 Model                              9          8     -0.52213369                              1_GWF-(1,7,7)
 Model                             10          7 -3.80125763E-02                              1_GWF-(1,6,8)
 Model                             11          6 -2.58823746E-03                              1_GWF-(1,8,7)
 Model                             12          5 -9.54605277E-05                             1_GWF-(1,10,7)
 Model                             13          2 -5.21443872E-06                             1_GWF-(1,13,1)
 Model                             14          1 -3.17088961E-07       *                      1_GWF-(1,9,6)
 Package                           14             5.97146708E-02                    1_GWF-SFR_0-(36)-inflow
 Model                             15          1 -1.14567911E-07       *                      1_GWF-(1,9,4)
 Package                           15             2.86602770E-03                    1_GWF-SFR_0-(36)-inflow
 Model                             16          1 -6.36832738E-08       *                      1_GWF-(1,8,4)
 Package                           16             7.08304647E-04                    1_GWF-SFR_0-(27)-inflow
 Model                             17          1 -9.10358722E-09       *                      1_GWF-(1,8,4)
 Package                           17             4.07493286E-04                    1_GWF-SFR_0-(27)-inflow
 Model                             18          1 -3.55271368E-09       *                      1_GWF-(1,8,4)
 Package                           18             6.05708632E-05                    1_GWF-SFR_0-(27)-inflow
 Model                             19          1 -2.05659489E-09       *                      1_GWF-(1,8,4)
 Package                           19             2.26561478E-05                    1_GWF-SFR_0-(27)-inflow
 Model                             20          1 -1.39107215E-09       *                      1_GWF-(1,8,4)
 Package                           20             1.31032465E-05                    1_GWF-SFR_0-(27)-inflow
 Model                             21          1 -1.02386366E-09       *                      1_GWF-(1,8,4)
 Package                           21             8.85155295E-06                    1_GWF-SFR_0-(27)-inflow
 Model                             22          1 -7.95125743E-10       *                      1_GWF-(1,8,4)
 Package                           22             6.50816412E-06                    1_GWF-SFR_0-(27)-inflow
 Model                             23          1 -6.41193765E-10       *                      1_GWF-(1,8,4)
 Package                           23             5.05437877E-06                    1_GWF-SFR_0-(27)-inflow
 Model                             24          1 -5.31599653E-10       *                      1_GWF-(1,8,4)
 Package                           24             4.07532987E-06                    1_GWF-SFR_0-(27)-inflow
 Model                             25          1 -4.50199877E-10       *                      1_GWF-(1,8,4)
 Package                           25             3.37787933E-06                    1_GWF-SFR_0-(27)-inflow
 Model                             26          1 -3.87672117E-10       *                      1_GWF-(1,8,4)
 Package                           26             2.85763311E-06                    1_GWF-SFR_0-(27)-inflow
 Model                             27          1 -3.38332029E-10       *                      1_GWF-(1,8,4)
 Package                           27             2.45955116E-06                    1_GWF-SFR_0-(27)-inflow
 Model                             28          1 -2.98769010E-10       *                      1_GWF-(1,8,4)
 Package                           28             2.14861774E-06                    1_GWF-SFR_0-(27)-inflow
 Model                             29          1 -2.66481948E-10       *                      1_GWF-(1,8,4)
 Package                           29             1.89636514E-06                    1_GWF-SFR_0-(27)-inflow
 Model                             30          1 -2.39424480E-10       *                      1_GWF-(1,8,4)
 Package                           30             1.68944027E-06                    1_GWF-SFR_0-(27)-inflow
 Model                             31          1 -2.16914486E-10       *                      1_GWF-(1,8,4)
 Package                           31             1.51827537E-06                    1_GWF-SFR_0-(27)-inflow
 Model                             32          1 -1.97587724E-10       *                      1_GWF-(1,8,4)
 Package                           32             1.37697022E-06                    1_GWF-SFR_0-(27)-inflow
 Model                             33          1 -1.80989446E-10       *                      1_GWF-(1,8,4)
 Package                           33             1.25235378E-06                    1_GWF-SFR_0-(27)-inflow
 Model                             34          1 -1.66664904E-10       *                      1_GWF-(1,8,4)
 Package                           34             1.15019239E-06                    1_GWF-SFR_0-(27)-inflow
 Model                             35          1 -1.54159352E-10       *                      1_GWF-(1,8,4)
 Package                           35             1.05569270E-06                    1_GWF-SFR_0-(27)-inflow
 Model                             36          1 -1.43018042E-10       *                      1_GWF-(1,8,4)
 Package                           36             9.76586019E-07       *            1_GWF-SFR_0-(27)-inflow
 ----------------------------------------------------------------------------------------------------------


 36 CALLS TO NUMERICAL SOLUTION IN TIME STEP 50 STRESS PERIOD 2
 126 TOTAL ITERATIONS


 Solution SLN_1 summary
 ----------------------------------------------------------------------
 Total formulate time:  .3281250000000000 seconds
 Total solution time:   .9375000000000000E-01 seconds


 MEMORY MANAGER TOTAL STORAGE BY DATA TYPE, IN KILOBYTES
 -------------------------------
                    ALLOCATED   
 DATA TYPE           MEMORY     
 -------------------------------
 Character        27.741000     
 Logical          0.14400000    
 Integer          87.300000     
 Real             236.80800     
 -------------------------------
 Total            351.99300     
 Virtual          0.0000000     
 -------------------------------


 
 Run end date and time (yyyy/mm/dd hh:mm:ss): 2026/09/09 11:02:46
 Elapsed run time:  1.539 Seconds
 Normal termination of simulation.
